Const,Your Rating,Date Rated,Title,Original Title,URL,Title Type,IMDb Rating,Runtime (mins),Year,Genres,Num Votes,Release Date,Directors
tt2784512,3,2025-09-07,"Zombeavers","Zombeavers",https://www.imdb.com/title/tt2784512,Movie,4.8,77,2014,"Comedy, Horror",22206,"2015-03-20","Jordan Rubin"
tt0089539,1,2025-09-07,"Malibu Express","Malibu Express",https://www.imdb.com/title/tt0089539,Movie,4.8,101,1985,"Comedy, Mystery, Crime, Thriller",3095,"1987-02-26","Andy Sidaris"
tt0388795,7,2025-07-26,"Brokeback Mountain","Brokeback Mountain",https://www.imdb.com/title/tt0388795,Movie,7.7,134,2005,"Drama, Romance",406794,"2006-01-13","Ang Lee"
tt36595990,5,2025-07-19,"#Schwarze Schafe","#Schwarze Schafe",https://www.imdb.com/title/tt36595990,Movie,4.6,93,2025,"Comedy",69,"2025-07-17","Oliver Rihs"
tt10548174,4,2025-07-11,"28 Years Later","28 Years Later",https://www.imdb.com/title/tt10548174,Movie,6.7,115,2025,"Horror, Thriller, Sci-Fi",124269,"2025-06-20","Danny Boyle"
tt9603208,8,2025-05-23,"Mission: Impossible - The Final Reckoning","Mission: Impossible - The Final Reckoning",https://www.imdb.com/title/tt9603208,Movie,7.3,169,2025,"Action, Thriller, Adventure",152293,"2025-05-23","Christopher McQuarrie"
tt9619824,6,2025-05-16,"Final Destination: Bloodlines","Final Destination Bloodlines",https://www.imdb.com/title/tt9619824,Movie,6.8,110,2025,"Horror, Thriller",125315,"2025-05-16","Zach Lipovsky,Adam B. Stein"
tt1877830,7,2025-03-23,"The Batman","The Batman",https://www.imdb.com/title/tt1877830,Movie,7.8,176,2022,"Action, Crime, Drama, Thriller, Mystery",892883,"2022-03-04","Matt Reeves"
tt12299608,6,2025-03-07,"Mickey 17","Mickey 17",https://www.imdb.com/title/tt12299608,Movie,6.7,137,2025,"Sci-Fi, Adventure, Fantasy, Comedy",195051,"2025-03-07","Bong Joon Ho"
tt32047217,5,2025-03-01,"Delicious","Delicious",https://www.imdb.com/title/tt32047217,Movie,4.4,102,2025,"Drama, Thriller",5834,"2025-03-07","Nele Mueller-Stöfen"
tt1620981,8,2025-02-01,"The Addams Family","The Addams Family",https://www.imdb.com/title/tt1620981,Movie,5.8,86,2019,"Animation, Comedy, Fantasy, Family, Horror",47797,"2019-10-11","Greg Tiernan,Conrad Vernon"
tt4477536,4,2025-01-19,"Fifty Shades Freed","Fifty Shades Freed",https://www.imdb.com/title/tt4477536,Movie,4.6,105,2018,"Drama, Romance, Thriller, Mystery",80470,"2018-02-09","James Foley"
tt4465564,4,2025-01-19,"Fifty Shades Darker","Fifty Shades Darker",https://www.imdb.com/title/tt4465564,Movie,4.6,118,2017,"Drama, Romance, Thriller, Mystery",118504,"2017-02-10","James Foley"
tt2322441,6,2025-01-17,"Fifty Shades of Grey","Fifty Shades of Grey",https://www.imdb.com/title/tt2322441,Movie,4.2,125,2015,"Drama, Romance, Thriller",349979,"2015-02-13","Sam Taylor-Johnson"
tt0047478,8,2025-01-15,"Seven Samurai","Shichinin no samurai",https://www.imdb.com/title/tt0047478,Movie,8.6,207,1954,"Drama, Action",390170,"1956-11-19","Akira Kurosawa"
tt4420704,5,2025-01-11,"Kedi","Kedi",https://www.imdb.com/title/tt4420704,Movie,7.6,79,2016,"Documentary",16498,"2017-02-10","Ceyda Torun"
tt9198364,5,2025-01-11,"Three Thousand Years of Longing","Three Thousand Years of Longing",https://www.imdb.com/title/tt9198364,Movie,6.7,108,2022,"Drama, Fantasy, Romance",70097,"2022-08-26","George Miller"
tt6264654,7,2024-12-11,"Free Guy","Free Guy",https://www.imdb.com/title/tt6264654,Movie,7.1,115,2021,"Action, Comedy, Sci-Fi, Adventure, Fantasy, Romance",471808,"2021-08-13","Shawn Levy"
tt0063024,3,2024-12-10,"Gorilla Gang","Der Gorilla von Soho",https://www.imdb.com/title/tt0063024,Movie,5.1,96,1968,"Action, Mystery, Crime",590,"1973","Alfred Vohrer"
tt0067515,3,2024-12-08,"Octaman","Octaman",https://www.imdb.com/title/tt0067515,Movie,3.3,79,1971,"Sci-Fi, Horror",1485,"1971-11-03","Harry Essex"
tt22022452,7,2024-12-01,"Inside Out 2","Inside Out 2",https://www.imdb.com/title/tt22022452,Movie,7.5,96,2024,"Animation, Adventure, Comedy, Drama, Family, Fantasy, Sport",230441,"2024-06-14","Kelsey Mann"
tt9584906,5,2024-11-14,"Berlin Bouncer","Berlin Bouncer",https://www.imdb.com/title/tt9584906,Movie,6.1,87,2019,"Documentary",434,"2019-04-11","David Dietl"
tt1232829,7,2024-10-12,"21 Jump Street","21 Jump Street",https://www.imdb.com/title/tt1232829,Movie,7.2,109,2012,"Action, Comedy, Crime",629375,"2012-03-16","Phil Lord,Christopher Miller"
tt0074148,2,2024-09-21,"Ape","A*P*E",https://www.imdb.com/title/tt0074148,Movie,2.6,86,1976,"Adventure, Fantasy, Action",2190,"1976-10","Paul Leder"
tt0091339,3,2024-09-15,"Killer Workout","Killer Workout",https://www.imdb.com/title/tt0091339,Movie,4.6,85,1987,"Horror",3187,"1987-04-16","David A. Prior"
tt15574270,2,2024-08-23,"I Saw the TV Glow","I Saw the TV Glow",https://www.imdb.com/title/tt15574270,Movie,5.8,100,2024,"Drama, Mystery",40171,"2024-05-17","Jane Schoenbrun"
tt31510396,8,2024-08-03,"The Bloody Hundredth","The Bloody Hundredth",https://www.imdb.com/title/tt31510396,Movie,7.5,62,2024,"Documentary",2789,"2024-03-15","Laurent Bouzereau,Mark Herzog"
tt30517551,5,2024-08-03,"Mit einem Tiger schlafen","Mit einem Tiger schlafen",https://www.imdb.com/title/tt30517551,Movie,6.8,107,2024,"Biography, Drama",159,"2024-04-12","Anja Salomonowitz"
tt30467885,6,2024-07-12,"Goebbels and the Führer","Führer und Verführer",https://www.imdb.com/title/tt30467885,Movie,6.7,135,2024,"Drama, History, Biography, War",2888,"2024-09-12","Joachim Lang"
tt24853216,5,2024-06-15,"Fossil","Fossil",https://www.imdb.com/title/tt24853216,Movie,6.2,,2023,"Drama",25,"2024-06-13","Henning Beckhoff"
tt29102244,7,2024-06-07,"Every You Every Me","Alle die Du bist",https://www.imdb.com/title/tt29102244,Movie,6.4,108,2024,"Drama, Romance",176,"2024-05-30","Michael Fetter Nathansky"
tt29472617,6,2024-04-12,"Cyberbunker: The Criminal Underworld","Cyberbunker: The Criminal Underworld",https://www.imdb.com/title/tt29472617,Movie,6.4,101,2023,"Documentary, Crime",1723,"2023-11-08","Kilian Lieb,Max Rainer"
tt14230458,6,2024-02-18,"Poor Things","Poor Things",https://www.imdb.com/title/tt14230458,Movie,7.8,141,2023,"Romance, Sci-Fi, Comedy, Drama",352538,"2023-12-22","Yorgos Lanthimos"
tt1222817,3,2024-02-17,"Zookeeper","Zookeeper",https://www.imdb.com/title/tt1222817,Movie,5.2,102,2011,"Comedy, Romance, Family, Fantasy",68265,"2011-07-08","Frank Coraci"
tt0072431,8,2024-02-16,"Young Frankenstein","Young Frankenstein",https://www.imdb.com/title/tt0072431,Movie,8.0,106,1974,"Comedy",176988,"1974-12-15","Mel Brooks"
tt0120902,5,2024-02-10,"The X Files","The X Files",https://www.imdb.com/title/tt0120902,Movie,7.0,121,1998,"Mystery, Drama, Adventure, Sci-Fi, Thriller",113180,"1998-06-19","Rob Bowman"
tt29870383,2,2024-01-13,"Being Michael Schumacher","Being Michael Schumacher",https://www.imdb.com/title/tt29870383,TV Mini Series,6.8,,2023,"Documentary, Biography, Sport",85,"2023-12-13",
tt9603212,8,2024-01-11,"Mission: Impossible - Dead Reckoning Part One","Mission: Impossible - Dead Reckoning Part One",https://www.imdb.com/title/tt9603212,Movie,7.6,163,2023,"Action, Adventure, Thriller",310973,"2023-07-12","Christopher McQuarrie"
tt9185816,6,2024-01-05,"Woodstock: Three Days That Defined a Generation","Woodstock",https://www.imdb.com/title/tt9185816,Movie,7.6,106,2019,"Documentary, History",2091,"2019-07-31","Barak Goodman,Jamila Ephron"
tt11564570,5,2023-12-13,"Glass Onion","Glass Onion",https://www.imdb.com/title/tt11564570,Movie,7.1,139,2022,"Crime, Thriller, Drama, Mystery, Comedy",484882,"2022-12-23","Rian Johnson"
tt4495098,5,2023-12-13,"Gran Turismo","Gran Turismo",https://www.imdb.com/title/tt4495098,Movie,7.1,134,2023,"Action, Adventure, Drama, Sport",127626,"2023-08-25","Neill Blomkamp"
tt10366206,7,2023-12-09,"John Wick: Chapter 4","John Wick: Chapter 4",https://www.imdb.com/title/tt10366206,Movie,7.6,169,2023,"Action, Crime, Thriller",392394,"2023-03-24","Chad Stahelski"
tt10285320,9,2023-11-26,"Lego Masters Australia","Lego Masters Australia",https://www.imdb.com/title/tt10285320,TV Series,8.6,,2019,"Game-Show, Reality-TV",1043,"2019-04-28",
tt3450958,5,2023-11-18,"War for the Planet of the Apes","War for the Planet of the Apes",https://www.imdb.com/title/tt3450958,Movie,7.4,140,2017,"Action, Drama, Sci-Fi, Adventure, Thriller",319825,"2017-07-14","Matt Reeves"
tt6266538,6,2023-11-10,"Vice","Vice",https://www.imdb.com/title/tt6266538,Movie,7.2,132,2018,"Biography, Drama, Comedy, History",171059,"2018-12-25","Adam McKay"
tt11291274,7,2023-11-03,"The Unbearable Weight of Massive Talent","The Unbearable Weight of Massive Talent",https://www.imdb.com/title/tt11291274,Movie,7.0,107,2022,"Comedy, Action, Crime, Thriller",173326,"2022-04-22","Tom Gormican"
tt0076937,3,2023-10-27,"Yeti: Giant of the 20th Century","Yeti - Il gigante del 20° secolo",https://www.imdb.com/title/tt0076937,Movie,4.1,105,1977,"Crime, Adventure, Fantasy",880,"1977-12-23","Gianfranco Parolini"
tt0077414,1,2023-10-13,"Deathsport","Deathsport",https://www.imdb.com/title/tt0077414,Movie,4.1,82,1978,"Sport, Drama, Thriller, Sci-Fi, Action",2736,"1978-09-08","Allan Arkush,Nicholas Niciphor,Roger Corman"
tt0056592,8,2023-10-04,"To Kill a Mockingbird","To Kill a Mockingbird",https://www.imdb.com/title/tt0056592,Movie,8.3,129,1962,"Crime, Drama",346067,"1963-03-16","Robert Mulligan"
tt10944760,6,2023-10-02,"Titane","Titane",https://www.imdb.com/title/tt10944760,Movie,6.5,108,2021,"Drama, Thriller, Sci-Fi, Horror",63824,"2021-10-01","Julia Ducournau"
tt0043014,7,2023-09-27,"Sunset Boulevard","Sunset Blvd.",https://www.imdb.com/title/tt0043014,Movie,8.4,110,1950,"Drama, Film-Noir",252238,"1950-08-04","Billy Wilder"
tt0283003,6,2023-09-17,"Spun","Spun",https://www.imdb.com/title/tt0283003,Movie,6.7,101,2002,"Crime, Drama, Comedy",42253,"2003-02-07","Jonas Åkerlund"
tt11245972,4,2023-08-26,"Scream","Scream",https://www.imdb.com/title/tt11245972,Movie,6.3,114,2022,"Horror, Mystery, Thriller",177881,"2022-01-14","Matt Bettinelli-Olpin,Tyler Gillett"
tt1517268,5,2023-08-25,"Barbie","Barbie",https://www.imdb.com/title/tt1517268,Movie,6.8,114,2023,"Comedy, Adventure, Fantasy",624691,"2023-07-21","Greta Gerwig"
tt15398776,7,2023-08-25,"Oppenheimer","Oppenheimer",https://www.imdb.com/title/tt15398776,Movie,8.3,180,2023,"Biography, Drama, History",934773,"2023-07-21","Christopher Nolan"
tt27722620,6,2023-08-13,"Rehragout-Rendezvous","Rehragout-Rendezvous",https://www.imdb.com/title/tt27722620,Movie,6.3,97,2023,"Comedy, Crime",1268,"2023-08-10","Ed Herzog"
tt0081398,6,2023-08-07,"Raging Bull","Raging Bull",https://www.imdb.com/title/tt0081398,Movie,8.1,129,1980,"Sport, Biography, Drama",400305,"1980-12-19","Martin Scorsese"
tt8633462,7,2023-08-06,"Quo Vadis, Aida?","Quo Vadis, Aida?",https://www.imdb.com/title/tt8633462,Movie,8.0,101,2020,"Drama, War, History",41000,"2021-03-05","Jasmila Zbanic"
tt8550054,5,2023-08-06,"Pleasure","Pleasure",https://www.imdb.com/title/tt8550054,Movie,6.3,109,2021,"Drama",25309,"2021-10-08","Ninja Thyberg"
tt11003218,5,2023-08-05,"Pig","Pig",https://www.imdb.com/title/tt11003218,Movie,6.9,92,2021,"Drama, Mystery",101304,"2021-07-16","Michael Sarnoski"
tt0258000,5,2023-08-05,"Panic Room","Panic Room",https://www.imdb.com/title/tt0258000,Movie,6.8,112,2002,"Crime, Drama, Thriller",309428,"2002-03-29","David Fincher"
tt21815342,6,2023-07-07,"Marungka tjalatjunu","Marungka tjalatjunu",https://www.imdb.com/title/tt21815342,Short,7.3,23,2022,"Documentary, Short",61,"2023-10-28","Derik Lynch,Matthew Thorne"
tt22528178,4,2023-07-07,"Kokomo City","Kokomo City",https://www.imdb.com/title/tt22528178,Movie,7.1,73,2023,"Documentary",1518,"2023-07-28","D. Smith"
tt7888964,5,2023-05-29,"Nobody","Nobody",https://www.imdb.com/title/tt7888964,Movie,7.4,92,2021,"Action, Crime, Thriller, Drama",368983,"2021-03-26","Ilya Naishuller"
tt3799694,6,2023-05-17,"The Nice Guys","The Nice Guys",https://www.imdb.com/title/tt3799694,Movie,7.4,116,2016,"Thriller, Crime, Comedy, Action, Mystery",401014,"2016-05-20","Shane Black"
tt10838180,5,2023-04-30,"The Matrix Resurrections","The Matrix Resurrections",https://www.imdb.com/title/tt10838180,Movie,5.6,148,2021,"Action, Sci-Fi",296491,"2021-12-22","Lana Wachowski"
tt0084316,2,2023-04-21,"Megaforce","Megaforce",https://www.imdb.com/title/tt0084316,Movie,3.7,99,1982,"Sci-Fi, Action",4511,"1982-06-25","Hal Needham"
tt0175880,5,2023-04-16,"Magnolia","Magnolia",https://www.imdb.com/title/tt0175880,Movie,8.0,188,1999,"Drama",340985,"2000-01-07","Paul Thomas Anderson"
tt3268458,5,2023-04-16,"The Internet's Own Boy: The Story of Aaron Swartz","The Internet's Own Boy: The Story of Aaron Swartz",https://www.imdb.com/title/tt3268458,Movie,8.0,105,2014,"Documentary, Biography, Crime",18421,"2014-06-27","Brian Knappenberger"
tt11271038,7,2023-04-13,"Licorice Pizza","Licorice Pizza",https://www.imdb.com/title/tt11271038,Movie,7.1,133,2021,"Drama, Comedy, Romance",151087,"2021-12-25","Paul Thomas Anderson"
tt1379182,8,2023-04-09,"Dogtooth","Kynodontas",https://www.imdb.com/title/tt1379182,Movie,7.1,97,2009,"Drama, Thriller",118820,"2009-11-11","Yorgos Lanthimos"
tt13986278,8,2023-03-31,"The Ordinaries","The Ordinaries",https://www.imdb.com/title/tt13986278,Movie,6.5,120,2022,"Comedy, Drama, Sci-Fi",825,"2023-03-30","Sophie Linnenbaum"
tt0040522,7,2023-03-26,"Bicycle Thieves","Ladri di biciclette",https://www.imdb.com/title/tt0040522,Movie,8.2,89,1948,"Drama",188107,"1949-12-13","Vittorio De Sica"
tt0099939,6,2023-03-25,"King of New York","King of New York",https://www.imdb.com/title/tt0099939,Movie,6.9,103,1990,"Thriller, Crime",46365,"1991-08-29","Abel Ferrara"
tt0113497,6,2023-03-18,"Jumanji","Jumanji",https://www.imdb.com/title/tt0113497,Movie,7.1,104,1995,"Comedy, Adventure, Family, Fantasy",401508,"1995-12-15","Joe Johnston"
tt11466222,4,2023-02-04,"Jackass Forever","Jackass Forever",https://www.imdb.com/title/tt11466222,Movie,6.8,96,2022,"Documentary, Comedy, Action",53932,"2022-02-04","Jeff Tremaine"
tt18550140,6,2023-01-11,"Holy Spider","Holy Spider",https://www.imdb.com/title/tt18550140,Movie,7.3,118,2022,"Drama, Crime, Thriller",30538,"2023-01-13","Ali Abbasi"
tt1628841,4,2022-12-30,"Independence Day: Resurgence","Independence Day: Resurgence",https://www.imdb.com/title/tt1628841,Movie,5.2,120,2016,"Action, Sci-Fi, Adventure",196382,"2016-06-24","Roland Emmerich"
tt0443543,6,2022-12-29,"The Illusionist","The Illusionist",https://www.imdb.com/title/tt0443543,Movie,7.5,110,2006,"Drama, Romance, Mystery, Thriller, Fantasy",399671,"2006-09-01","Neil Burger"
tt0188674,7,2022-12-27,"Human Traffic","Human Traffic",https://www.imdb.com/title/tt0188674,Movie,7.1,99,1999,"Music, Comedy",28727,"2000-05-05","Justin Kerrigan"
tt0903624,5,2022-12-27,"The Hobbit: An Unexpected Journey","The Hobbit: An Unexpected Journey",https://www.imdb.com/title/tt0903624,Movie,7.8,169,2012,"Fantasy, Adventure",910368,"2012-12-14","Peter Jackson"
tt13352968,7,2022-12-24,"Good Luck to You, Leo Grande","Good Luck to You, Leo Grande",https://www.imdb.com/title/tt13352968,Movie,7.2,97,2022,"Comedy, Drama",42559,"2022-06-17","Sophie Hyde"
tt0034786,6,2022-12-24,"The Ghost of Frankenstein","The Ghost of Frankenstein",https://www.imdb.com/title/tt0034786,Movie,6.1,67,1942,"Drama, Sci-Fi, Horror",7683,"1942-03-13","Erle C. Kenton"
tt4378376,5,2022-11-21,"Babylon Berlin","Babylon Berlin",https://www.imdb.com/title/tt4378376,TV Series,8.4,45,2017,"Crime, Drama, Thriller",32342,"2018-01-30",
tt9764362,6,2022-11-18,"The Menu","The Menu",https://www.imdb.com/title/tt9764362,Movie,7.2,107,2022,"Horror, Thriller, Comedy",469387,"2022-11-18","Mark Mylod"
tt22487150,5,2022-11-11,"Rebellinnen","Rebellinnen",https://www.imdb.com/title/tt22487150,Movie,7.3,84,2022,"Documentary",13,"2022-11-03","Pamela Meyer-Arndt"
tt0083999,2,2022-10-28,"Hangin' Out","Gib Gas - Ich will Spaß!",https://www.imdb.com/title/tt0083999,Movie,3.6,91,1983,"Music, Comedy",463,"1983-02-03","Wolfgang Büld"
tt0075989,3,2022-10-21,"Empire of the Ants","Empire of the Ants",https://www.imdb.com/title/tt0075989,Movie,4.3,89,1977,"Adventure, Sci-Fi, Horror",5914,"1977-11-24","Bert I. Gordon"
tt0198913,2,2022-10-01,"Plankton","Plankton",https://www.imdb.com/title/tt0198913,Video,4.3,86,1994,"Sci-Fi, Horror",1041,"2000-01-08","Alvaro Passeri"
tt7968976,6,2022-09-25,"Weed the People","Weed the People",https://www.imdb.com/title/tt7968976,Movie,7.3,97,2018,"Documentary",415,"2018-10-26","Abby Epstein"
tt0154506,6,2022-09-20,"Following","Following",https://www.imdb.com/title/tt0154506,Movie,7.4,69,1998,"Crime, Thriller, Mystery",107331,"1999-11-05","Christopher Nolan"
tt9895024,7,2022-09-09,"Heiko's World","Heikos Welt",https://www.imdb.com/title/tt9895024,Movie,6.8,118,2021,"Comedy, Sport, Drama",397,"2022-05-26","Dominik Galizia"
tt0101889,7,2022-08-28,"The Fisher King","The Fisher King",https://www.imdb.com/title/tt0101889,Movie,7.5,137,1991,"Fantasy, Drama, Comedy",94801,"1991-09-27","Terry Gilliam"
tt12593682,3,2022-08-19,"Bullet Train","Bullet Train",https://www.imdb.com/title/tt12593682,Movie,7.3,127,2022,"Action, Thriller, Comedy",506467,"2022-08-05","David Leitch"
tt1745960,8,2022-08-14,"Top Gun: Maverick","Top Gun: Maverick",https://www.imdb.com/title/tt1745960,Movie,8.2,130,2022,"Action, Drama",801697,"2022-05-27","Joseph Kosinski"
tt5083738,8,2022-08-05,"The Favourite","The Favourite",https://www.imdb.com/title/tt5083738,Movie,7.5,119,2018,"Biography, Drama, History, Comedy",250726,"2018-12-21","Yorgos Lanthimos"
tt6710474,6,2022-06-11,"Everything Everywhere All at Once","Everything Everywhere All at Once",https://www.imdb.com/title/tt6710474,Movie,7.8,139,2022,"Sci-Fi, Adventure, Comedy, Fantasy, Action, Drama",591102,"2022-04-08","Daniel Kwan,Daniel Scheinert"
tt0195685,6,2022-05-18,"Erin Brockovich","Erin Brockovich",https://www.imdb.com/title/tt0195685,Movie,7.5,131,2000,"Biography, Drama",237545,"2000-03-17","Steven Soderbergh"
tt2316411,7,2022-05-13,"Enemy","Enemy",https://www.imdb.com/title/tt2316411,Movie,6.9,91,2013,"Thriller, Mystery, Drama",230535,"2014-02-06","Denis Villeneuve"
tt14821150,9,2022-04-29,"Vortex","Vortex",https://www.imdb.com/title/tt14821150,Movie,7.4,142,2021,"Drama",10529,"2022-04-13","Gaspar Noé"
tt0457430,8,2022-04-17,"Pan's Labyrinth","El laberinto del fauno",https://www.imdb.com/title/tt0457430,Movie,8.2,118,2006,"Drama, Fantasy, War",731529,"2007-01-19","Guillermo del Toro"
tt1160419,7,2022-04-15,"Dune: Part One","Dune: Part One",https://www.imdb.com/title/tt1160419,Movie,8.0,155,2021,"Sci-Fi, Adventure, Drama, Action",975711,"2021-10-22","Denis Villeneuve"
tt0093119,1,2022-04-08,"Grizzly II: Revenge","Grizzly II: The Predator",https://www.imdb.com/title/tt0093119,Movie,2.7,74,2020,"Thriller, Horror, Music",2005,"2021-01-08","André Szöts"
tt11893274,8,2022-04-02,"Downfall: The Case Against Boeing","Downfall: The Case Against Boeing",https://www.imdb.com/title/tt11893274,Movie,7.4,89,2022,"Documentary",14444,"2022-02-18","Rory Kennedy"
tt0093991,3,2022-04-01,"Slave Girls from Beyond Infinity","Slave Girls from Beyond Infinity",https://www.imdb.com/title/tt0093991,Movie,4.4,74,1987,"Comedy, Thriller, Horror, Sci-Fi, Adventure, Action",2829,"1987-09-18","Ken Dixon"
tt11286314,5,2022-03-24,"Don't Look Up","Don't Look Up",https://www.imdb.com/title/tt11286314,Movie,7.2,138,2021,"Comedy, Drama, Sci-Fi",648871,"2021-12-24","Adam McKay"
tt5390504,7,2022-03-23,"Detroit","Detroit",https://www.imdb.com/title/tt5390504,Movie,7.3,143,2017,"Thriller, Drama, Crime, History",57895,"2017-08-04","Kathryn Bigelow"
tt0112851,6,2022-03-06,"Desperado","Desperado",https://www.imdb.com/title/tt0112851,Movie,7.1,104,1995,"Crime, Western, Drama, Thriller, Action",205176,"1995-08-25","Robert Rodriguez"
tt5893264,2,2022-02-27,"Based on a True Story","D'après une histoire vraie",https://www.imdb.com/title/tt5893264,Movie,5.7,100,2017,"Drama, Thriller, Mystery",7729,"2017-11-01","Roman Polanski"
tt1657507,3,2022-02-26,"Colombiana","Colombiana",https://www.imdb.com/title/tt1657507,Movie,6.4,108,2011,"Thriller, Action, Drama, Crime",112582,"2011-08-26","Olivier Megaton"
tt0094889,3,2022-02-19,"Cocktail","Cocktail",https://www.imdb.com/title/tt0094889,Movie,5.9,104,1988,"Drama, Comedy, Romance",96358,"1988-07-29","Roger Donaldson"
tt0088930,4,2022-02-18,"Clue","Clue",https://www.imdb.com/title/tt0088930,Movie,7.3,94,1985,"Crime, Thriller, Mystery, Comedy",118529,"1985-12-13","Jonathan Lynn"
tt2503944,2,2022-02-12,"Burnt","Burnt",https://www.imdb.com/title/tt2503944,Movie,6.6,101,2015,"Comedy, Drama",139547,"2015-10-30","John Wells"
tt6470924,8,2022-02-11,"Berlin Alexanderplatz","Berlin Alexanderplatz",https://www.imdb.com/title/tt6470924,Movie,6.9,183,2020,"Drama, Crime, Thriller",4188,"2021-04-30","Burhan Qurbani"
tt7282468,5,2022-01-22,"Burning","Beoning",https://www.imdb.com/title/tt7282468,Movie,7.4,148,2018,"Drama, Mystery, Thriller",83021,"2018-05-17","Lee Chang-dong"
tt12789558,7,2022-01-16,"Belfast","Belfast",https://www.imdb.com/title/tt12789558,Movie,7.2,98,2021,"Drama, Biography",98961,"2021-11-12","Kenneth Branagh"
tt16463942,4,2022-01-14,"Die Discounter","Die Discounter",https://www.imdb.com/title/tt16463942,TV Series,8.1,17,2021,"Comedy",6874,"2021-12-17",
tt2382320,8,2022-01-11,"No Time to Die","No Time to Die",https://www.imdb.com/title/tt2382320,Movie,7.3,163,2021,"Action, Thriller, Adventure",471269,"2021-10-08","Cary Joji Fukunaga"
tt0103772,7,2022-01-08,"Basic Instinct","Basic Instinct",https://www.imdb.com/title/tt0103772,Movie,7.1,127,1992,"Mystery, Drama, Romance, Thriller",235986,"1992-03-20","Paul Verhoeven"
tt0106341,6,2022-01-05,"Bad Boy Bubby","Bad Boy Bubby",https://www.imdb.com/title/tt0106341,Movie,7.3,114,1993,"Comedy, Crime, Drama",15771,"2005-04-26","Rolf de Heer"
tt0063929,9,2022-01-02,"Monty Python's Flying Circus","Monty Python's Flying Circus",https://www.imdb.com/title/tt0063929,TV Series,8.8,30,1969,"Comedy",83511,"2018-10-02",
tt7518466,4,2021-12-31,"Conor McGregor: Notorious","Conor McGregor: Notorious",https://www.imdb.com/title/tt7518466,Movie,7.1,90,2017,"Documentary, Biography, Sport",6765,"2017-11-08","Gavin Fitzgerald"
tt0181653,6,2021-12-24,"Letzte Chance für Harry","Letzte Chance für Harry",https://www.imdb.com/title/tt0181653,TV Movie,6.2,90,1998,"Comedy, Drama",82,"1998-12-23","Karsten Wichniarz"
tt0261392,1,2021-12-17,"Jay and Silent Bob Strike Back","Jay and Silent Bob Strike Back",https://www.imdb.com/title/tt0261392,Movie,6.8,104,2001,"Comedy",164862,"2001-08-24","Kevin Smith"
tt5179130,2,2021-12-15,"Ostfriesisch für Anfänger","Ostfriesisch für Anfänger",https://www.imdb.com/title/tt5179130,Movie,5.2,91,2016,"Comedy, Drama",232,"2016-10-27","Gregory Kirchhoff"
tt0120382,5,2021-12-14,"The Truman Show","The Truman Show",https://www.imdb.com/title/tt0120382,Movie,8.2,103,1998,"Comedy, Drama",1312772,"1998-06-05","Peter Weir"
tt0104952,7,2021-12-14,"My Cousin Vinny","My Cousin Vinny",https://www.imdb.com/title/tt0104952,Movie,7.6,120,1992,"Crime, Comedy",152703,"1992-03-13","Jonathan Lynn"
tt0088379,1,2021-12-04,"The Warrior and the Sorceress","The Warrior and the Sorceress",https://www.imdb.com/title/tt0088379,Movie,4.2,81,1984,"Adventure, Fantasy",2818,"1984-09-07","John C. Broderick"
tt11891770,8,2021-11-21,"Greta Thunberg: A Year to Change the World","Greta Thunberg: A Year to Change the World",https://www.imdb.com/title/tt11891770,TV Mini Series,5.4,59,2021,"Documentary",649,"2021-04-22",
tt1080019,5,2021-11-19,"Jerry Cotton","Jerry Cotton",https://www.imdb.com/title/tt1080019,Movie,5.2,90,2010,"Crime, Comedy, Action",1013,"2010-03-11","Cyrill Boss,Philipp Stennert"
tt5065822,5,2021-11-18,"Ronaldo","Ronaldo",https://www.imdb.com/title/tt5065822,Movie,6.3,92,2015,"Documentary, Sport, Biography",17681,"2015-11-09","Anthony Wonke"
tt6700846,6,2021-11-09,"AlphaGo","AlphaGo",https://www.imdb.com/title/tt6700846,Movie,7.8,90,2017,"Documentary, Sport",7426,"2017-09-29","Greg Kohs"
tt0118571,3,2021-11-05,"Air Force One","Air Force One",https://www.imdb.com/title/tt0118571,Movie,6.5,124,1997,"Drama, Crime, Thriller, Action",219840,"1997-07-25","Wolfgang Petersen"
tt2400275,4,2021-11-04,"Goodbye to Language","Adieu au langage",https://www.imdb.com/title/tt2400275,Movie,5.8,70,2014,"Drama, Fantasy",6577,"2014-05-28","Jean-Luc Godard"
tt0268126,7,2021-10-29,"Adaptation.","Adaptation.",https://www.imdb.com/title/tt0268126,Movie,7.7,115,2002,"Comedy, Drama",210701,"2003-02-14","Spike Jonze"
tt0104257,6,2021-10-28,"A Few Good Men","A Few Good Men",https://www.imdb.com/title/tt0104257,Movie,7.7,138,1992,"Thriller, Drama",306817,"1992-12-11","Rob Reiner"
tt0268978,8,2021-10-23,"A Beautiful Mind","A Beautiful Mind",https://www.imdb.com/title/tt0268978,Movie,8.2,135,2001,"Biography, Mystery, Drama",1032256,"2002-01-04","Ron Howard"
tt1007028,3,2021-10-22,"Zack and Miri Make a Porno","Zack and Miri Make a Porno",https://www.imdb.com/title/tt1007028,Movie,6.5,101,2008,"Comedy, Romance",185341,"2008-10-31","Kevin Smith"
tt14149744,5,2021-10-11,"Schwarze Adler","Schwarze Adler",https://www.imdb.com/title/tt14149744,Movie,7.8,100,2021,"Documentary",608,"2021-04-15","Torsten Körner"
tt9212538,4,2021-10-03,"1989 - A Spy Story","Wendezeit",https://www.imdb.com/title/tt9212538,TV Movie,7.0,120,2019,"Thriller, Drama, Romance",460,"2019-10-02","Sven Bohse"
tt0301357,6,2021-10-02,"Good Bye Lenin!","Good Bye Lenin!",https://www.imdb.com/title/tt0301357,Movie,7.7,121,2003,"Romance, Comedy, Drama",157463,"2004-05-14","Wolfgang Becker"
tt4714568,5,2021-09-27,"The Young Offenders","The Young Offenders",https://www.imdb.com/title/tt4714568,Movie,7.1,83,2016,"Comedy, Adventure, Crime, Drama",13712,"2016-09-16","Peter Foott"
tt0329774,3,2021-09-26,"xXx: State of the Union","xXx: State of the Union",https://www.imdb.com/title/tt0329774,Movie,4.5,101,2005,"Adventure, Sci-Fi, Crime, Thriller, Action",75689,"2005-04-29","Lee Tamahori"
tt5195412,4,2021-09-25,"Wakefield","Wakefield",https://www.imdb.com/title/tt5195412,Movie,6.3,106,2016,"Drama",18836,"2017-05-19","Robin Swicord"
tt6714738,4,2021-09-20,"Grand Prix Driver","Grand Prix Driver",https://www.imdb.com/title/tt6714738,TV Mini Series,7.4,,2018,"Documentary, Sport",1362,"2018-02-09",
tt10322274,7,2021-09-20,"Schumacher","Schumacher",https://www.imdb.com/title/tt10322274,Movie,7.4,112,2021,"Documentary, Sport, Biography",26995,"2021-09-15","Hanns-Bruno Kammertöns,Vanessa Nöcker,Michael Wech"
tt3626476,5,2021-09-19,"Vacation Friends","Vacation Friends",https://www.imdb.com/title/tt3626476,Movie,6.3,103,2021,"Comedy, Adventure",32822,"2021-08-27","Clay Tarver"
tt1441395,8,2021-09-10,"Under the Skin","Under the Skin",https://www.imdb.com/title/tt1441395,Movie,6.3,108,2013,"Sci-Fi, Drama, Thriller, Horror, Mystery",166346,"2014-04-18","Jonathan Glazer"
tt2121382,5,2021-09-05,"Force Majeure","Turist",https://www.imdb.com/title/tt2121382,Movie,7.2,120,2014,"Drama, Comedy",71158,"2014-12-30","Ruben Östlund"
tt1272886,5,2021-09-04,"Small Apartments","Small Apartments",https://www.imdb.com/title/tt1272886,Movie,6.1,96,2012,"Comedy, Crime, Drama",8623,"2013-03","Jonas Åkerlund"
tt14512538,6,2021-09-04,"Roadrunner: A Film About Anthony Bourdain","Roadrunner: A Film About Anthony Bourdain",https://www.imdb.com/title/tt14512538,Movie,7.7,119,2021,"Documentary",11094,"2021-07-16","Morgan Neville"
tt8722346,8,2021-09-03,"Queen & Slim","Queen & Slim",https://www.imdb.com/title/tt8722346,Movie,7.1,132,2019,"Drama, Crime, Romance, Thriller",36436,"2019-11-27","Melina Matsoukas"
tt5932728,5,2021-08-09,"The Professor and the Madman","The Professor and the Madman",https://www.imdb.com/title/tt5932728,Movie,7.2,124,2019,"Drama, Biography, History",53725,"2019-05-10","Farhad Safinia"
tt3829920,4,2021-08-08,"Only the Brave","Only the Brave",https://www.imdb.com/title/tt3829920,Movie,7.6,134,2017,"Drama, Biography, Action",86833,"2017-10-20","Joseph Kosinski"
tt9770150,5,2021-08-08,"Nomadland","Nomadland",https://www.imdb.com/title/tt9770150,Movie,7.3,107,2020,"Drama",195413,"2021-02-19","Chloé Zhao"
tt7984734,7,2021-08-08,"The Lighthouse","The Lighthouse",https://www.imdb.com/title/tt7984734,Movie,7.4,109,2019,"Drama, Fantasy, Mystery, Thriller, Horror",289311,"2019-11-01","Robert Eggers"
tt1560747,7,2021-08-07,"The Master","The Master",https://www.imdb.com/title/tt1560747,Movie,7.1,138,2012,"Drama",194706,"2012-09-21","Paul Thomas Anderson"
tt0107302,6,2021-08-01,"Kalifornia","Kalifornia",https://www.imdb.com/title/tt0107302,Movie,6.7,117,1993,"Drama, Crime, Thriller",61023,"1993-09-03","Dominic Sena"
tt6146586,2,2021-07-31,"John Wick: Chapter 3 - Parabellum","John Wick: Chapter 3 - Parabellum",https://www.imdb.com/title/tt6146586,Movie,7.4,130,2019,"Action, Thriller, Crime, Drama",463996,"2019-05-17","Chad Stahelski"
tt11794022,4,2021-07-29,"Everything is one. Except for the 0","Alles ist eins. Ausser der 0.",https://www.imdb.com/title/tt11794022,Movie,7.1,94,2020,"Documentary",209,"2021-07-29","Klaus Maeck,Tanja Schwerdorf"
tt0278504,7,2021-07-28,"Insomnia","Insomnia",https://www.imdb.com/title/tt0278504,Movie,7.2,118,2002,"Mystery, Drama, Thriller",333621,"2002-05-24","Christopher Nolan"
tt5503686,2,2021-07-18,"Hustlers","Hustlers",https://www.imdb.com/title/tt5503686,Movie,6.3,110,2019,"Drama, Comedy, Crime",111307,"2019-09-13","Lorene Scafaria"
tt0099685,7,2021-07-17,"Goodfellas","GoodFellas",https://www.imdb.com/title/tt0099685,Movie,8.7,145,1990,"Biography, Crime, Drama",1346936,"1990-09-21","Martin Scorsese"
tt14152756,5,2021-07-04,"Seaspiracy","Seaspiracy",https://www.imdb.com/title/tt14152756,Movie,8.1,89,2021,"Documentary, Adventure",35187,"2021-03-24","Ali Tabrizi"
tt1100089,7,2021-05-31,"Foxcatcher","Foxcatcher",https://www.imdb.com/title/tt1100089,Movie,7.0,134,2014,"Drama, Biography, Sport, History",153345,"2015-01-16","Bennett Miller"
tt2719848,3,2021-05-30,"Everest","Everest",https://www.imdb.com/title/tt2719848,Movie,7.1,121,2015,"Adventure, Drama, Thriller, Biography",242576,"2015-09-25","Baltasar Kormákur"
tt0100477,5,2021-05-25,"The Rescuers Down Under","The Rescuers Down Under",https://www.imdb.com/title/tt0100477,Movie,6.8,77,1990,"Animation, Adventure, Comedy, Fantasy, Family",49941,"1990-11-16","Hendel Butoy,Mike Gabriel"
tt0092890,4,2021-05-21,"Dirty Dancing","Dirty Dancing",https://www.imdb.com/title/tt0092890,Movie,7.1,100,1987,"Music, Romance, Drama",273088,"1987-08-21","Emile Ardolino"
tt8267604,8,2021-05-18,"Capernaum","Capharnaüm",https://www.imdb.com/title/tt8267604,Movie,8.4,126,2018,"Drama",118804,"2018-09-20","Nadine Labaki"
tt0390521,5,2021-04-29,"Super Size Me","Super Size Me",https://www.imdb.com/title/tt0390521,Movie,7.2,100,2004,"Documentary",115920,"2004-06-11","Morgan Spurlock"
tt0112384,6,2021-04-29,"Apollo 13","Apollo 13",https://www.imdb.com/title/tt0112384,Movie,7.7,140,1995,"Adventure, History, Drama",329680,"1995-06-30","Ron Howard"
tt0486551,3,2021-04-17,"Beerfest","Beerfest",https://www.imdb.com/title/tt0486551,Movie,6.2,110,2006,"Comedy",72951,"2006-08-25","Jay Chandrasekhar"
tt0090630,1,2021-04-16,"America 3000","America 3000",https://www.imdb.com/title/tt0090630,Movie,4.2,92,1986,"Comedy, Sci-Fi, Adventure, Action",1678,"1986-04","David Engelbach"
tt8760684,7,2021-04-16,"Apollo 11","Apollo 11",https://www.imdb.com/title/tt8760684,Movie,8.1,93,2019,"Documentary, History",28186,"2019-03-01","Todd Douglas Miller"
tt0082257,2,2021-04-09,"Demonoid","Demonoid",https://www.imdb.com/title/tt0082257,Movie,4.7,78,1981,"Horror",2063,"1981-11-12","Alfredo Zacarías"
tt0142688,5,2021-04-05,"The Ninth Gate","The Ninth Gate",https://www.imdb.com/title/tt0142688,Movie,6.7,133,1999,"Mystery, Thriller",206387,"2000-03-10","Roman Polanski"
tt0364725,5,2021-04-05,"Dodgeball: A True Underdog Story","Dodgeball: A True Underdog Story",https://www.imdb.com/title/tt0364725,Movie,6.7,92,2004,"Comedy, Sport",278661,"2004-06-18","Rawson Marshall Thurber"
tt7014006,6,2021-04-04,"Eighth Grade","Eighth Grade",https://www.imdb.com/title/tt7014006,Movie,7.3,93,2018,"Comedy, Drama",85543,"2018-08-03","Bo Burnham"
tt5466186,4,2021-04-03,"7 Days in Entebbe","Entebbe",https://www.imdb.com/title/tt5466186,Movie,5.9,107,2018,"Drama, Thriller, History, Action",18000,"2018-03-16","José Padilha"
tt0167404,7,2021-03-20,"The Sixth Sense","The Sixth Sense",https://www.imdb.com/title/tt0167404,Movie,8.2,107,1999,"Mystery, Drama, Thriller",1113135,"1999-08-06","M. Night Shyamalan"
tt0119116,1,2021-03-19,"The Fifth Element","The Fifth Element",https://www.imdb.com/title/tt0119116,Movie,7.6,126,1997,"Adventure, Sci-Fi, Action",532459,"1997-05-09","Luc Besson"
tt1032846,7,2021-03-12,"4 Months, 3 Weeks and 2 Days","4 luni, 3 saptamâni si 2 zile",https://www.imdb.com/title/tt1032846,Movie,7.9,113,2007,"Drama",65045,"2007-09-14","Cristian Mungiu"
tt13241704,6,2021-02-28,"Hidden","Hidden",https://www.imdb.com/title/tt13241704,Short,7.0,18,2020,"Documentary, Short, Music",669,"2020-09-21","Jafar Panahi"
tt0423866,7,2021-01-31,"3-Iron","Binjip",https://www.imdb.com/title/tt0423866,Movie,7.9,88,2004,"Drama, Romance, Crime",60365,"2004-10-15","Kim Ki-duk"
tt0274309,7,2021-01-29,"24 Hour Party People","24 Hour Party People",https://www.imdb.com/title/tt0274309,Movie,7.3,117,2002,"Music, Biography, Drama, Comedy",41107,"2002-09-20","Michael Winterbottom"
tt2518788,7,2021-01-28,"1","1",https://www.imdb.com/title/tt2518788,Movie,7.9,112,2013,"Documentary, History, Sport, Action",4736,"2013-10-01","Paul Crowder"
tt7569576,5,2021-01-27,"The Flight Attendant","The Flight Attendant",https://www.imdb.com/title/tt7569576,TV Series,7.0,,2020,"Thriller, Drama, Mystery, Comedy",65779,"2020-11-18",
tt1790885,8,2021-01-24,"Zero Dark Thirty","Zero Dark Thirty",https://www.imdb.com/title/tt1790885,Movie,7.4,157,2012,"Thriller, Drama, History",333589,"2013-01-11","Kathryn Bigelow"
tt10541812,2,2021-01-22,"Jerks: Blütezeit","Jerks: Blütezeit",https://www.imdb.com/title/tt10541812,TV Episode,7.9,23,2019,"Comedy",92,"2019-06-17","Christian Ulmen"
tt0065234,8,2021-01-18,"Z","Z",https://www.imdb.com/title/tt0065234,Movie,8.1,127,1969,"Thriller, Crime, Drama",33125,"1969-12-08","Costa-Gavras"
tt0128853,4,2021-01-18,"You've Got Mail","You've Got Mail",https://www.imdb.com/title/tt0128853,Movie,6.7,119,1998,"Drama, Romance, Comedy",240047,"1998-12-18","Nora Ephron"
tt0295701,6,2021-01-16,"xXx","xXx",https://www.imdb.com/title/tt0295701,Movie,5.9,124,2002,"Adventure, Thriller, Drama, Action",191331,"2002-08-09","Rob Cohen"
tt0086567,7,2021-01-14,"WarGames","WarGames",https://www.imdb.com/title/tt0086567,Movie,7.1,114,1983,"Sci-Fi, Action, Drama, Thriller",118041,"1983-06-03","John Badham"
tt0434409,4,2021-01-13,"V for Vendetta","V for Vendetta",https://www.imdb.com/title/tt0434409,Movie,8.1,132,2005,"Thriller, Action, Drama, Sci-Fi",1225420,"2006-03-17","James McTeigue"
tt0094226,6,2021-01-12,"The Untouchables","The Untouchables",https://www.imdb.com/title/tt0094226,Movie,7.8,119,1987,"Thriller, Drama, Crime",347170,"1987-06-03","Brian De Palma"
tt0120338,8,2021-01-10,"Titanic","Titanic",https://www.imdb.com/title/tt0120338,Movie,7.9,194,1997,"Romance, Drama",1355212,"1997-12-19","James Cameron"
tt0157016,6,2021-01-09,"I Stand Alone","Seul contre tous",https://www.imdb.com/title/tt0157016,Movie,7.3,93,1998,"Crime, Thriller, Drama",27100,"1999-02-17","Gaspar Noé"
tt0098206,4,2021-01-08,"Road House","Road House",https://www.imdb.com/title/tt0098206,Movie,6.7,114,1989,"Thriller, Action",108682,"1989-05-19","Rowdy Herrington"
tt0830515,4,2021-01-08,"Quantum of Solace","Quantum of Solace",https://www.imdb.com/title/tt0830515,Movie,6.5,106,2008,"Action, Adventure, Thriller, Mystery",486509,"2008-11-14","Marc Forster"
tt4714782,4,2021-01-07,"Personal Shopper","Personal Shopper",https://www.imdb.com/title/tt4714782,Movie,6.1,105,2016,"Thriller, Mystery, Drama",45101,"2017-03-10","Olivier Assayas"
tt1321511,5,2021-01-06,"Oldboy","Oldboy",https://www.imdb.com/title/tt1321511,Movie,5.8,104,2013,"Drama, Mystery, Thriller, Action",83635,"2013-11-27","Spike Lee"
tt2369135,1,2021-01-05,"Need for Speed","Need for Speed",https://www.imdb.com/title/tt2369135,Movie,6.4,132,2014,"Action, Thriller, Crime, Drama",184366,"2014-03-14","Scott Waugh"
tt13576626,4,2021-01-03,"Ferdinand von Schirach: Feinde - Das Geständnis","Ferdinand von Schirach: Feinde - Das Geständnis",https://www.imdb.com/title/tt13576626,TV Movie,6.3,90,2021,"Crime, Drama",402,"2021-01-03","Nils Willbrandt"
tt13576640,4,2021-01-03,"Ferdinand von Schirach: Feinde - Gegen die Zeit","Ferdinand von Schirach: Feinde - Gegen die Zeit",https://www.imdb.com/title/tt13576640,TV Movie,6.6,90,2021,"Crime, Drama",492,"2021-01-03","Nils Willbrandt"
tt0068931,6,2021-01-02,"The Mechanic","The Mechanic",https://www.imdb.com/title/tt0068931,Movie,6.8,100,1972,"Crime, Thriller, Action",17457,"1972-12-07","Michael Winner"
tt10272534,8,2020-12-29,"Lux Æterna","Lux Æterna",https://www.imdb.com/title/tt10272534,Movie,6.2,51,2019,"Drama, Thriller",8376,"2022-05-20","Gaspar Noé"
tt10696320,5,2020-12-29,"Krabi, 2562","Krabi, 2562",https://www.imdb.com/title/tt10696320,Movie,6.1,94,2019,"Documentary, Drama",317,"2021-07-30","Ben Rivers,Anocha Suwichakornpong"
tt12855754,7,2020-12-29,"Race to Perfection","Race to Perfection",https://www.imdb.com/title/tt12855754,TV Mini Series,7.8,428,2020,"Documentary, Sport",325,"2020-09-12",
tt1772925,7,2020-12-28,"Jiro Dreams of Sushi","Jiro Dreams of Sushi",https://www.imdb.com/title/tt1772925,Movie,7.8,81,2011,"Documentary",39199,"2012-03-15","David Gelb"
tt1966604,6,2020-12-28,"The Imposter","The Imposter",https://www.imdb.com/title/tt1966604,Movie,7.4,99,2012,"Documentary, Biography, Crime, Drama, Thriller",52122,"2012-08-24","Bart Layton"
tt0094794,2,2020-12-18,"The Brain","The Brain",https://www.imdb.com/title/tt0094794,Movie,5.2,94,1988,"Sci-Fi, Horror",3951,"1988-11-04","Ed Hunt"
tt0104431,5,2020-12-18,"Home Alone 2: Lost in New York","Home Alone 2: Lost in New York",https://www.imdb.com/title/tt0104431,Movie,6.9,120,1992,"Adventure, Crime, Comedy, Family",434533,"1992-11-20","Chris Columbus"
tt0172495,4,2020-12-10,"Gladiator","Gladiator",https://www.imdb.com/title/tt0172495,Movie,8.5,155,2000,"Adventure, Drama, Action",1791116,"2000-05-05","Ridley Scott"
tt9654596,3,2020-12-08,"Searching Eva","Searching Eva",https://www.imdb.com/title/tt9654596,Movie,6.0,85,2019,"Documentary",402,"2020-05-18","Pia Hellenthal"
tt6723592,8,2020-12-07,"Tenet","Tenet",https://www.imdb.com/title/tt6723592,Movie,7.3,150,2020,"Action, Sci-Fi, Thriller",641741,"2020-09-03","Christopher Nolan"
tt0482571,8,2020-12-07,"The Prestige","The Prestige",https://www.imdb.com/title/tt0482571,Movie,8.5,130,2006,"Drama, Thriller, Mystery, Sci-Fi",1538510,"2006-10-20","Christopher Nolan"
tt0068611,8,2020-11-27,"Frenzy","Frenzy",https://www.imdb.com/title/tt0068611,Movie,7.4,116,1972,"Drama, Thriller",52163,"1972-06-21","Alfred Hitchcock"
tt3766354,5,2020-11-27,"The Equalizer 2","The Equalizer 2",https://www.imdb.com/title/tt3766354,Movie,6.7,121,2018,"Action, Crime, Thriller, Mystery",220493,"2018-07-20","Antoine Fuqua"
tt8850222,5,2020-11-22,"Peninsula","Bando",https://www.imdb.com/title/tt8850222,Movie,5.5,116,2020,"Action, Horror, Thriller",41852,"2020-08-07","Yeon Sang-ho"
tt2377322,6,2020-11-12,"Deliver Us from Evil","Deliver Us from Evil",https://www.imdb.com/title/tt2377322,Movie,6.2,118,2014,"Horror, Thriller, Mystery, Crime",89525,"2014-07-02","Scott Derrickson"
tt7274546,6,2020-11-09,"The Milk System","Das System Milch",https://www.imdb.com/title/tt7274546,Movie,7.0,90,2017,"Documentary",615,"2017-09-21","Andreas Pichler"
tt0284978,4,2020-11-07,"Cypher","Cypher",https://www.imdb.com/title/tt0284978,Movie,6.7,95,2002,"Mystery, Sci-Fi, Thriller",32701,"2002-08-02","Vincenzo Natali"
tt13143964,5,2020-11-05,"Borat Subsequent Moviefilm","Borat Subsequent Moviefilm: Delivery of Prodigious Bribe to American Regime for Make Benefit Once Glorious Nation of Kazakhstan",https://www.imdb.com/title/tt13143964,Movie,6.6,95,2020,"Comedy",161490,"2020-10-23","Jason Woliner"
tt0078748,6,2020-10-30,"Alien","Alien",https://www.imdb.com/title/tt0078748,Movie,8.5,117,1979,"Horror, Sci-Fi",1031996,"1979-06-22","Ridley Scott"
tt0335266,5,2020-10-25,"Lost in Translation","Lost in Translation",https://www.imdb.com/title/tt0335266,Movie,7.7,102,2003,"Comedy, Drama",516389,"2003-10-03","Sofia Coppola"
tt3214002,5,2020-10-25,"Video Games: The Movie","Video Games: The Movie",https://www.imdb.com/title/tt3214002,Movie,6.1,101,2014,"Documentary, History",5642,"2014-07-18","Jeremy Snead"
tt5446858,7,2020-10-25,"Zero Days","Zero Days",https://www.imdb.com/title/tt5446858,Movie,7.7,116,2016,"Documentary",10825,"2016-07-08","Alex Gibney"
tt0063823,6,2020-10-23,"Yellow Submarine","Yellow Submarine",https://www.imdb.com/title/tt0063823,Movie,7.4,85,1968,"Animation, Musical, Adventure, Comedy, Fantasy",29256,"1968-11-13","George Dunning"
tt0120889,7,2020-10-17,"What Dreams May Come","What Dreams May Come",https://www.imdb.com/title/tt0120889,Movie,7.0,113,1998,"Romance, Drama, Fantasy",118481,"1998-10-02","Vincent Ward"
tt11318602,6,2020-10-15,"Don't F**k with Cats: Hunting an Internet Killer","Don't Fuck with Cats: Hunting an Internet Killer",https://www.imdb.com/title/tt11318602,TV Mini Series,8.0,60,2019,"Documentary, Crime, Mystery",67077,"2019-12-18",
tt7959216,1,2020-10-09,"Utoya: July 22","Utøya 22. juli",https://www.imdb.com/title/tt7959216,Movie,7.2,93,2018,"Drama, Thriller",16724,"2018-03-09","Erik Poppe"
tt0088247,6,2020-08-22,"The Terminator","The Terminator",https://www.imdb.com/title/tt0088247,Movie,8.1,107,1984,"Action, Adventure, Sci-Fi",976995,"1984-10-26","James Cameron"
tt5753856,3,2020-08-15,"Dark","Dark",https://www.imdb.com/title/tt5753856,TV Series,8.7,60,2017,"Mystery, Crime, Drama, Thriller, Sci-Fi",505971,"2017-12-01",
tt0105435,6,2020-08-08,"Sneakers","Sneakers",https://www.imdb.com/title/tt0105435,Movie,7.1,126,1992,"Mystery, Drama, Comedy, Crime, Thriller",65408,"1992-09-11","Phil Alden Robinson"
tt1034331,3,2020-07-27,"Righteous Kill","Righteous Kill",https://www.imdb.com/title/tt1034331,Movie,6.0,101,2008,"Crime, Mystery, Thriller",94492,"2008-09-12","Jon Avnet"
tt8951058,6,2020-07-26,"The Panama Papers","The Panama Papers",https://www.imdb.com/title/tt8951058,Movie,7.1,96,2018,"Documentary",1808,"2018-10-06","Alex Winter"
tt1781781,3,2020-07-12,"Born to Race","Born to Race",https://www.imdb.com/title/tt1781781,Video,5.9,99,2011,"Action, Sport",6938,"2012-02-28","Alex Ranarivelo"
tt2551516,5,2020-07-08,"Google and the World Brain","Google and the World Brain",https://www.imdb.com/title/tt2551516,Movie,6.7,90,2013,"Documentary, Drama",958,"2013-01-18","Ben Lewis"
tt8790074,2,2020-06-27,"Ein Ferienhaus auf Teneriffa","Ein Ferienhaus auf Teneriffa",https://www.imdb.com/title/tt8790074,TV Movie,4.6,88,2019,"Comedy, Drama",42,"2019-01-25","Sabine Bernardi"
tt4530422,4,2020-06-19,"Overlord","Overlord",https://www.imdb.com/title/tt4530422,Movie,6.6,110,2018,"Action, Horror, Sci-Fi, War",112370,"2018-11-09","Julius Avery"
tt0087803,5,2020-06-12,"1984","Nineteen Eighty-Four",https://www.imdb.com/title/tt0087803,Movie,7.0,113,1984,"Sci-Fi, Drama",85088,"1985-03-22","Michael Radford"
tt0022100,9,2020-06-02,"M","M - Eine Stadt sucht einen Mörder",https://www.imdb.com/title/tt0022100,Movie,8.3,99,1931,"Crime, Mystery, Thriller",179044,"1931-08-31","Fritz Lang"
tt3402236,5,2020-05-24,"Murder on the Orient Express","Murder on the Orient Express",https://www.imdb.com/title/tt3402236,Movie,6.5,114,2017,"Drama, Mystery, Crime, Thriller, Comedy",314054,"2017-11-10","Kenneth Branagh"
tt7975244,5,2020-05-09,"Jumanji: The Next Level","Jumanji: The Next Level",https://www.imdb.com/title/tt7975244,Movie,6.6,123,2019,"Action, Adventure, Comedy, Fantasy",309500,"2019-12-13","Jake Kasdan"
tt1057500,6,2020-05-02,"Invictus","Invictus",https://www.imdb.com/title/tt1057500,Movie,7.3,134,2009,"Biography, Drama, History, Sport",172205,"2009-12-11","Clint Eastwood"
tt5257726,1,2020-04-24,"Hey Arnold: The Jungle Movie","Hey Arnold!: The Jungle Movie",https://www.imdb.com/title/tt5257726,TV Movie,7.4,81,2017,"Animation, Adventure, Comedy, Family, Fantasy",3956,"2017-11-24","Raymie Muzquiz,Stu Livingston"
tt8367814,7,2020-04-22,"The Gentlemen","The Gentlemen",https://www.imdb.com/title/tt8367814,Movie,7.8,113,2019,"Action, Crime",440717,"2020-01-24","Guy Ritchie"
tt7775622,7,2020-04-20,"Free Solo","Free Solo",https://www.imdb.com/title/tt7775622,Movie,8.1,100,2018,"Documentary, Sport, Adventure",82969,"2018-12-13","Jimmy Chin,Elizabeth Chai Vasarhelyi"
tt1631867,3,2020-04-19,"Edge of Tomorrow","Edge of Tomorrow",https://www.imdb.com/title/tt1631867,Movie,7.9,113,2014,"Action, Sci-Fi, Adventure",783787,"2014-06-06","Doug Liman"
tt0363163,5,2020-04-18,"Downfall","Der Untergang",https://www.imdb.com/title/tt0363163,Movie,8.2,156,2004,"Drama, War, Biography, History",392635,"2005-04-08","Oliver Hirschbiegel"
tt1598778,5,2020-04-17,"Contagion","Contagion",https://www.imdb.com/title/tt1598778,Movie,6.8,106,2011,"Thriller, Drama",326500,"2011-09-09","Steven Soderbergh"
tt7349662,8,2020-04-13,"BlacKkKlansman","BlacKkKlansman",https://www.imdb.com/title/tt7349662,Movie,7.5,135,2018,"Biography, Crime, Drama, Comedy",305418,"2018-08-10","Spike Lee"
tt4154796,3,2020-04-10,"Avengers: Endgame","Avengers: Endgame",https://www.imdb.com/title/tt4154796,Movie,8.4,181,2019,"Action, Sci-Fi, Adventure",1386142,"2019-04-26","Anthony Russo,Joe Russo"
tt0050083,9,2020-04-05,"12 Angry Men","12 Angry Men",https://www.imdb.com/title/tt0050083,Movie,9.0,96,1957,"Crime, Drama",946886,"1957-04-10","Sidney Lumet"
tt5741902,6,2020-03-29,"Midnight Diner 2","Zoku Shinya shokudô",https://www.imdb.com/title/tt5741902,Movie,7.4,108,2016,"Drama, Comedy",1184,"2016-11-05","Joji Matsuoka"
tt0079766,5,2020-03-28,"Quadrophenia","Quadrophenia",https://www.imdb.com/title/tt0079766,Movie,7.2,120,1979,"Music, Drama",22005,"1979-11-02","Franc Roddam"
tt0913445,4,2020-03-27,"YPF","Young People Fucking",https://www.imdb.com/title/tt0913445,Movie,6.2,87,2007,"Comedy, Drama, Romance",19777,"2008-06-13","Martin Gero"
tt3019620,6,2020-03-26,"Titli","Titli",https://www.imdb.com/title/tt3019620,Movie,7.5,116,2014,"Drama, Thriller, Crime",5552,"2015-10-30","Kanu Behl"
tt0078480,2,2020-03-22,"Watership Down","Watership Down",https://www.imdb.com/title/tt0078480,Movie,7.5,92,1978,"Animation, Adventure, Thriller, Drama",42105,"1978-11-01","Martin Rosen,John Hubley"
tt0259711,5,2020-03-22,"Vanilla Sky","Vanilla Sky",https://www.imdb.com/title/tt0259711,Movie,6.9,136,2001,"Mystery, Fantasy, Sci-Fi, Romance, Thriller",300428,"2001-12-14","Cameron Crowe"
tt6499752,5,2020-03-20,"Upgrade","Upgrade",https://www.imdb.com/title/tt6499752,Movie,7.5,100,2018,"Sci-Fi, Thriller, Action",226878,"2018-06-01","Leigh Whannell"
tt1924429,6,2020-03-19,"Trance","Trance",https://www.imdb.com/title/tt1924429,Movie,6.9,101,2013,"Crime, Drama, Thriller, Mystery",120038,"2013-03-27","Danny Boyle"
tt2527338,6,2020-03-16,"Star Wars: Episode IX - The Rise of Skywalker","Star Wars: Episode IX - The Rise of Skywalker",https://www.imdb.com/title/tt2527338,Movie,6.4,141,2019,"Sci-Fi, Action, Adventure, Fantasy",526388,"2019-12-20","J.J. Abrams"
tt5788462,5,2020-03-15,"Rocco","Rocco",https://www.imdb.com/title/tt5788462,Movie,5.7,105,2016,"Documentary",4436,"2017-09-01","Thierry Demaizière,Alban Teurlai"
tt0050825,6,2020-03-15,"Paths of Glory","Paths of Glory",https://www.imdb.com/title/tt0050825,Movie,8.4,88,1957,"Drama, War",229819,"1957-12-25","Stanley Kubrick"
tt0087843,5,2020-03-13,"Once Upon a Time in America","Once Upon a Time in America",https://www.imdb.com/title/tt0087843,Movie,8.3,229,1984,"Crime, Drama",399614,"1984-06-01","Sergio Leone"
tt1073241,5,2020-03-12,"Nothing But the Truth","Nothing But the Truth",https://www.imdb.com/title/tt1073241,Movie,7.1,108,2008,"Drama, Crime, Thriller, Mystery",41112,"2009-07-29","Rod Lurie"
tt1182345,5,2020-03-08,"Moon","Moon",https://www.imdb.com/title/tt1182345,Movie,7.8,97,2009,"Sci-Fi, Drama, Mystery",388993,"2009-07-10","Duncan Jones"
tt0102250,4,2020-03-08,"L.A. Story","L.A. Story",https://www.imdb.com/title/tt0102250,Movie,6.7,95,1991,"Drama, Romance, Comedy, Fantasy",35460,"1991-02-08","Mick Jackson"
tt0119472,6,2020-03-08,"Knockin' on Heaven's Door","Knockin' on Heaven's Door",https://www.imdb.com/title/tt0119472,Movie,7.8,87,1997,"Crime, Drama, Comedy, Action",35873,"1997-02-20","Thomas Jahn"
tt0055031,8,2020-03-06,"Judgment at Nuremberg","Judgment at Nuremberg",https://www.imdb.com/title/tt0055031,Movie,8.3,179,1961,"War, History, Drama",93453,"1961-12-18","Stanley Kramer"
tt0388139,4,2020-03-01,"It's All Gone Pete Tong","It's All Gone Pete Tong",https://www.imdb.com/title/tt0388139,Movie,7.2,90,2004,"Comedy, Drama, Music, Biography",21091,"2005-05-27","Michael Dowse"
tt4846340,6,2020-02-27,"Hidden Figures","Hidden Figures",https://www.imdb.com/title/tt4846340,Movie,7.8,127,2016,"Drama, History, Biography",279406,"2017-01-06","Theodore Melfi"
tt6751668,5,2020-02-23,"Parasite","Gisaengchung",https://www.imdb.com/title/tt6751668,Movie,8.5,132,2019,"Drama, Thriller",1097016,"2019-11-08","Bong Joon Ho"
tt0083946,7,2020-02-22,"Fitzcarraldo","Fitzcarraldo",https://www.imdb.com/title/tt0083946,Movie,7.9,158,1982,"Music, Drama, Adventure",41377,"1982-10-10","Werner Herzog"
tt8946378,8,2020-02-21,"Knives Out","Knives Out",https://www.imdb.com/title/tt8946378,Movie,7.9,130,2019,"Crime, Mystery, Thriller, Drama, Comedy",829980,"2019-11-27","Rian Johnson"
tt0079116,6,2020-02-16,"Escape from Alcatraz","Escape from Alcatraz",https://www.imdb.com/title/tt0079116,Movie,7.5,112,1979,"Crime, Drama, Biography, Thriller",159884,"1979-06-22","Don Siegel"
tt5493706,2,2020-02-16,"Death Race 2050","Death Race 2050",https://www.imdb.com/title/tt5493706,Video,3.7,93,2017,"Action, Comedy, Sci-Fi, Sport",5307,"2017-01-17","G.J. Echternkamp"
tt6511932,5,2020-02-16,"The Beach Bum","The Beach Bum",https://www.imdb.com/title/tt6511932,Movie,5.5,95,2019,"Comedy, Drama",26145,"2019-03-29","Harmony Korine"
tt8364368,1,2020-02-16,"Crawl","Crawl",https://www.imdb.com/title/tt8364368,Movie,6.1,87,2019,"Horror, Action, Thriller",100297,"2019-07-12","Alexandre Aja"
tt2935510,6,2020-02-15,"Ad Astra","Ad Astra",https://www.imdb.com/title/tt2935510,Movie,6.5,123,2019,"Sci-Fi, Thriller, Adventure, Drama, Mystery",273400,"2019-09-20","James Gray"
tt1206885,5,2020-02-14,"Rambo: Last Blood","Rambo: Last Blood",https://www.imdb.com/title/tt1206885,Movie,6.1,89,2019,"Action, Thriller, Crime",116737,"2019-09-20","Adrian Grunberg"
tt2584384,4,2020-02-14,"Jojo Rabbit","Jojo Rabbit",https://www.imdb.com/title/tt2584384,Movie,7.9,108,2019,"Comedy, War, Drama",474142,"2019-11-08","Taika Waititi"
tt5727208,5,2020-02-09,"Uncut Gems","Uncut Gems",https://www.imdb.com/title/tt5727208,Movie,7.4,135,2019,"Drama, Crime, Thriller",340042,"2019-12-25","Benny Safdie,Josh Safdie"
tt3856408,7,2020-02-09,"Making Waves: The Art of Cinematic Sound","Making Waves: The Art of Cinematic Sound",https://www.imdb.com/title/tt3856408,Movie,7.6,94,2019,"Documentary, History",2410,"2019-10-25","Midge Costin"
tt1302006,5,2020-02-08,"The Irishman","The Irishman",https://www.imdb.com/title/tt1302006,Movie,7.8,209,2019,"Crime, Drama, Biography, History, Thriller",459189,"2019-11-27","Martin Scorsese"
tt8579674,3,2020-02-04,"1917","1917",https://www.imdb.com/title/tt8579674,Movie,8.2,119,2019,"War, Drama, Action",742249,"2020-01-10","Sam Mendes"
tt4736550,7,2020-01-16,"The Great Hack","The Great Hack",https://www.imdb.com/title/tt4736550,Movie,7.0,114,2019,"Documentary, Biography, History",25558,"2019-07-24","Karim Amer,Jehane Noujaim"
tt3762912,6,2020-01-08,"Betting on Zero","Betting on Zero",https://www.imdb.com/title/tt3762912,Movie,7.1,99,2016,"Documentary",5802,"2017-03-17","Ted Braun"
tt0432283,7,2020-01-01,"Fantastic Mr. Fox","Fantastic Mr. Fox",https://www.imdb.com/title/tt0432283,Movie,7.9,87,2009,"Animation, Adventure, Comedy, Crime, Family, Drama",292539,"2009-11-25","Wes Anderson"
tt6359956,4,2019-12-22,"A Bad Moms Christmas","A Bad Moms Christmas",https://www.imdb.com/title/tt6359956,Movie,5.6,104,2017,"Comedy",60950,"2017-11-01","Jon Lucas,Scott Moore"
tt0052646,6,2019-12-17,"The Brain That Wouldn't Die","The Brain That Wouldn't Die",https://www.imdb.com/title/tt0052646,Movie,4.6,82,1962,"Sci-Fi, Horror",7950,"1962-08-10","Joseph Green"
tt8559006,9,2019-12-17,"Hamburger Gitter","Hamburger Gitter",https://www.imdb.com/title/tt8559006,Movie,7.6,80,2018,"Documentary",137,"2018-06-22","Marco Heinig,Steffen Maurer"
tt2113090,7,2019-12-11,"This Ain't California","This Ain't California",https://www.imdb.com/title/tt2113090,Movie,7.3,100,2012,"Documentary, History, Sport",1102,"2012-08-16","Marten Persiel"
tt0322545,6,2019-12-06,"Berlin Blues","Herr Lehmann",https://www.imdb.com/title/tt0322545,Movie,7.1,105,2003,"Drama, Comedy",7809,"2003-10-02","Leander Haußmann"
tt3335200,5,2019-12-01,"Bornholmer Straße","Bornholmer Straße",https://www.imdb.com/title/tt3335200,TV Movie,7.1,88,2014,"Drama, Comedy",930,"2014-11-05","Christian Schwochow"
tt1313104,7,2019-11-23,"The Cove","The Cove",https://www.imdb.com/title/tt1313104,Movie,8.4,92,2009,"Documentary, Crime, Biography, History",52647,"2009-08-07","Louie Psihoyos"
tt0985699,2,2019-11-22,"Valkyrie","Valkyrie",https://www.imdb.com/title/tt0985699,Movie,7.1,121,2008,"Thriller, War, Drama, History",269608,"2008-12-25","Bryan Singer"
tt1950186,5,2019-11-19,"Ford v Ferrari","Ford v Ferrari",https://www.imdb.com/title/tt1950186,Movie,8.1,152,2019,"Action, Drama, Biography, Sport",540859,"2019-11-15","James Mangold"
tt1708135,6,2019-11-16,"13 Minutes","Elser",https://www.imdb.com/title/tt1708135,Movie,7.0,114,2015,"Drama, War, Biography",10418,"2017-06-30","Oliver Hirschbiegel"
tt1600196,4,2019-11-15,"The Drop","The Drop",https://www.imdb.com/title/tt1600196,Movie,7.0,106,2014,"Crime, Drama, Thriller, Mystery",167596,"2014-09-12","Michaël R. Roskam"
tt0115088,7,2019-11-14,"Alarm für Cobra 11 - Die Autobahnpolizei","Alarm für Cobra 11",https://www.imdb.com/title/tt0115088,TV Series,6.3,90,1996,"Crime, Drama, Action",6140,"1996-03-12",
tt4633694,5,2019-11-04,"Spider-Man: Into the Spider-Verse","Spider-Man: Into the Spider-Verse",https://www.imdb.com/title/tt4633694,Movie,8.4,117,2018,"Animation, Action, Sci-Fi, Adventure, Family, Comedy, Fantasy",750216,"2018-12-14","Bob Persichetti,Peter Ramsey,Rodney Rothman"
tt0113161,6,2019-11-02,"Get Shorty","Get Shorty",https://www.imdb.com/title/tt0113161,Movie,6.9,105,1995,"Crime, Thriller, Comedy",94965,"1995-10-20","Barry Sonnenfeld"
tt7286456,9,2019-10-29,"Joker","Joker",https://www.imdb.com/title/tt7286456,Movie,8.3,122,2019,"Crime, Drama, Thriller",1638094,"2019-10-04","Todd Phillips"
tt9222826,4,2019-10-26,"Sound of Berlin","Sound of Berlin",https://www.imdb.com/title/tt9222826,Movie,6.6,56,2018,"Documentary, Music",36,"2018-09-16","Christian Lim"
tt1276104,6,2019-10-20,"Looper","Looper",https://www.imdb.com/title/tt1276104,Movie,7.4,119,2012,"Sci-Fi, Action, Thriller, Drama",621067,"2012-09-28","Rian Johnson"
tt8075192,7,2019-10-19,"Shoplifters","Manbiki kazoku",https://www.imdb.com/title/tt8075192,Movie,7.9,121,2018,"Drama, Crime, Thriller",92701,"2018-11-23","Hirokazu Koreeda"
tt0356910,5,2019-10-17,"Mr. & Mrs. Smith","Mr. & Mrs. Smith",https://www.imdb.com/title/tt0356910,Movie,6.5,120,2005,"Comedy, Crime, Thriller, Action",575929,"2005-06-10","Doug Liman"
tt2872732,5,2019-10-15,"Lucy","Lucy",https://www.imdb.com/title/tt2872732,Movie,6.4,89,2014,"Action, Sci-Fi, Thriller",564911,"2014-07-25","Luc Besson"
tt1137450,6,2019-10-13,"Death Wish","Death Wish",https://www.imdb.com/title/tt1137450,Movie,6.3,107,2018,"Action, Crime, Drama, Thriller",80149,"2018-03-02","Eli Roth"
tt9243946,6,2019-10-12,"El Camino","El Camino",https://www.imdb.com/title/tt9243946,Movie,7.3,122,2019,"Drama, Crime, Thriller",324195,"2019-10-11","Vince Gilligan"
tt2103188,9,2019-10-11,"Grand Theft Auto V","Grand Theft Auto V",https://www.imdb.com/title/tt2103188,Video Game,9.4,,2013,"Action, Crime, Drama",80624,"2013-09-17",
tt0119396,7,2019-10-11,"Jackie Brown","Jackie Brown",https://www.imdb.com/title/tt0119396,Movie,7.5,154,1997,"Drama, Crime, Thriller",394428,"1997-12-25","Quentin Tarantino"
tt1979376,7,2019-10-03,"Toy Story 4","Toy Story 4",https://www.imdb.com/title/tt1979376,Movie,7.6,100,2019,"Animation, Comedy, Fantasy, Family, Adventure",302689,"2019-06-21","Josh Cooley"
tt0069762,7,2019-09-20,"Badlands","Badlands",https://www.imdb.com/title/tt0069762,Movie,7.7,94,1973,"Action, Crime, Drama",82404,"1974-01-05","Terrence Malick"
tt0437086,5,2019-09-08,"Alita: Battle Angel","Alita: Battle Angel",https://www.imdb.com/title/tt0437086,Movie,7.3,122,2019,"Sci-Fi, Action, Thriller, Adventure",315979,"2019-02-14","Robert Rodriguez"
tt0205873,6,2019-08-28,"The Dish","The Dish",https://www.imdb.com/title/tt0205873,Movie,7.2,101,2000,"Drama, History, Comedy",17551,"2001-05-04","Rob Sitch"
tt7131622,7,2019-08-27,"Once Upon a Time... in Hollywood","Once Upon a Time in... Hollywood",https://www.imdb.com/title/tt7131622,Movie,7.6,161,2019,"Drama, Comedy",926523,"2019-07-26","Quentin Tarantino"
tt10370776,8,2019-08-14,"Everybody in the Place: An Incomplete History of Britain 1984-1992","Everybody in the Place: An Incomplete History of Britain 1984-1992",https://www.imdb.com/title/tt10370776,Movie,7.4,61,2019,"Documentary",180,"2019-06-01","Jeremy Deller"
tt0087332,6,2019-08-12,"Ghostbusters","Ghostbusters",https://www.imdb.com/title/tt0087332,Movie,7.8,105,1984,"Fantasy, Comedy, Action, Sci-Fi",475148,"1984-06-08","Ivan Reitman"
tt4463894,6,2019-08-10,"Shaft","Shaft",https://www.imdb.com/title/tt4463894,Movie,6.4,111,2019,"Crime, Action, Comedy, Mystery",61231,"2019-06-14","Tim Story"
tt1093842,7,2019-08-06,"My Winnipeg","My Winnipeg",https://www.imdb.com/title/tt1093842,Movie,7.5,80,2007,"Drama, History, Comedy, Fantasy",5886,"2008-07-04","Guy Maddin"
tt0272338,6,2019-07-30,"Punch-Drunk Love","Punch-Drunk Love",https://www.imdb.com/title/tt0272338,Movie,7.3,95,2002,"Drama, Comedy, Thriller, Romance",188949,"2002-11-01","Paul Thomas Anderson"
tt2101441,7,2019-07-26,"Spring Breakers","Spring Breakers",https://www.imdb.com/title/tt2101441,Movie,5.3,94,2012,"Drama, Crime, Thriller",152807,"2013-03-22","Harmony Korine"
tt4359416,7,2019-07-23,"Taxi","Taxi",https://www.imdb.com/title/tt4359416,Movie,7.3,82,2015,"Drama, Comedy",17391,"2015-04-15","Jafar Panahi"
tt0970179,7,2019-07-12,"Hugo","Hugo",https://www.imdb.com/title/tt0970179,Movie,7.5,126,2011,"Adventure, Mystery, Drama, Fantasy, Family",345071,"2011-11-23","Martin Scorsese"
tt3302820,6,2019-07-09,"Cowspiracy: The Sustainability Secret","Cowspiracy: The Sustainability Secret",https://www.imdb.com/title/tt3302820,Movie,8.1,90,2014,"Documentary",27155,"2015-09-15","Kip Andersen,Keegan Kuhn"
tt2980706,5,2019-06-30,"Planes: Fire & Rescue","Planes: Fire & Rescue",https://www.imdb.com/title/tt2980706,Movie,5.9,83,2014,"Animation, Comedy, Adventure, Family, Sport",21137,"2014-07-18","Bobs Gannaway"
tt4610244,8,2019-06-25,"The Other Side","The Other Side",https://www.imdb.com/title/tt4610244,Movie,6.7,92,2015,"Documentary, Drama",1371,"2015-05-28","Roberto Minervini"
tt0399295,7,2019-06-23,"Lord of War","Lord of War",https://www.imdb.com/title/tt0399295,Movie,7.6,122,2005,"Crime, Drama",352156,"2005-09-16","Andrew Niccol"
tt9184994,6,2019-06-21,"How to Sell Drugs Online (Fast)","How to Sell Drugs Online (Fast)",https://www.imdb.com/title/tt9184994,TV Series,7.8,30,2019,"Comedy, Crime, Drama, Romance",45263,"2019-05-31",
tt4607610,7,2019-06-21,"Eichwald, MdB","Eichwald, MdB",https://www.imdb.com/title/tt4607610,TV Series,7.3,30,2015,"Comedy",233,"2015-04-16",
tt0258760,6,2019-06-19,"Lammbock","Lammbock",https://www.imdb.com/title/tt0258760,Movie,7.2,93,2001,"Crime, Comedy",12239,"2001-08-23","Christian Zübert"
tt0088763,6,2019-06-19,"Back to the Future","Back to the Future",https://www.imdb.com/title/tt0088763,Movie,8.5,116,1985,"Comedy, Sci-Fi, Adventure",1400236,"1985-07-03","Robert Zemeckis"
tt3513498,6,2019-06-19,"The Lego Movie 2: The Second Part","The Lego Movie 2: The Second Part",https://www.imdb.com/title/tt3513498,Movie,6.5,107,2019,"Animation, Musical, Adventure, Comedy, Family, Fantasy, Sci-Fi",82414,"2019-02-08","Mike Mitchell"
tt0067334,8,2019-06-15,"Le Mans","Le Mans",https://www.imdb.com/title/tt0067334,Movie,6.7,106,1971,"Adventure, Sport, Drama, Action",12833,"1971-06-23","Lee H. Katzin,John Sturges"
tt7366338,9,2019-06-04,"Chernobyl","Chernobyl",https://www.imdb.com/title/tt7366338,TV Mini Series,9.3,60,2019,"Drama, History, Thriller",973248,"2019-05-06",
tt0482606,6,2019-05-10,"The Strangers","The Strangers",https://www.imdb.com/title/tt0482606,Movie,6.1,86,2008,"Horror, Thriller, Mystery",153069,"2008-05-30","Bryan Bertino"
tt1014809,6,2019-04-18,"Until the Light Takes Us","Until the Light Takes Us",https://www.imdb.com/title/tt1014809,Movie,7.0,93,2008,"Documentary, Music",6982,"2010-08-12","Aaron Aites,Audrey Ewell"
tt0079470,8,2019-04-17,"Monty Python's Life of Brian","Life of Brian",https://www.imdb.com/title/tt0079470,Movie,8.0,94,1979,"Comedy",430841,"1979-08-17","Terry Jones"
tt7125774,7,2019-04-05,"Balloon","Ballon",https://www.imdb.com/title/tt7125774,Movie,7.5,125,2018,"Thriller, Drama, History",14457,"2018-09-27","Michael Herbig"
tt4951982,6,2019-03-30,"The Command","Kursk",https://www.imdb.com/title/tt4951982,Movie,6.6,117,2018,"Drama, Action, History, Thriller, Adventure",23090,"2019-06-21","Thomas Vinterberg"
tt8289930,6,2019-03-14,"Formula 1: Drive to Survive","Formula 1: Drive to Survive",https://www.imdb.com/title/tt8289930,TV Series,8.5,40,2019,"Documentary, Sport",57831,"2019-03-08",
tt0113243,7,2019-03-08,"Hackers","Hackers",https://www.imdb.com/title/tt0113243,Movie,6.2,105,1995,"Crime, Drama, Romance, Thriller",79118,"1995-09-15","Iain Softley"
tt4669296,8,2019-03-08,"Lords of Chaos","Lords of Chaos",https://www.imdb.com/title/tt4669296,Movie,6.6,118,2018,"Drama, Thriller, Horror, Biography, Music",21617,"2019-02-08","Jonas Åkerlund"
tt5751998,8,2019-03-06,"Small Town Crime","Small Town Crime",https://www.imdb.com/title/tt5751998,Movie,6.6,91,2017,"Thriller, Crime, Mystery, Action, Drama",13109,"2018-01-19","Eshom Nelms,Ian Nelms"
tt5848272,6,2019-02-27,"Ralph Breaks the Internet","Ralph Breaks the Internet",https://www.imdb.com/title/tt5848272,Movie,7.0,112,2018,"Animation, Comedy, Adventure, Family, Fantasy, Sci-Fi, Sport",198746,"2018-11-21","Phil Johnston,Rich Moore"
tt5859238,3,2019-02-26,"Lucky","Lucky",https://www.imdb.com/title/tt5859238,Movie,7.3,88,2017,"Drama, Comedy, Western",27700,"2017-09-29","John Carroll Lynch"
tt1152836,7,2019-02-15,"Public Enemies","Public Enemies",https://www.imdb.com/title/tt1152836,Movie,6.9,140,2009,"Crime, Drama, Biography, History",330701,"2009-07-01","Michael Mann"
tt7664504,7,2019-02-12,"Three Identical Strangers","Three Identical Strangers",https://www.imdb.com/title/tt7664504,Movie,7.6,96,2018,"Documentary, Biography, Drama, Mystery, History",43750,"2018-11-30","Tim Wardle"
tt6294822,7,2019-02-10,"The Post","The Post",https://www.imdb.com/title/tt6294822,Movie,7.2,116,2017,"Drama, Biography, History, Thriller, War",169079,"2018-01-12","Steven Spielberg"
tt6155172,6,2019-02-08,"Roma","Roma",https://www.imdb.com/title/tt6155172,Movie,7.6,135,2018,"Drama",175553,"2018-12-14","Alfonso Cuarón"
tt5052474,5,2019-02-07,"Sicario: Day of the Soldado","Sicario: Day of the Soldado",https://www.imdb.com/title/tt5052474,Movie,7.1,122,2018,"Action, Crime, Drama, Thriller, Mystery",183376,"2018-06-29","Stefano Sollima"
tt0027977,8,2019-02-05,"Modern Times","Modern Times",https://www.imdb.com/title/tt0027977,Movie,8.5,87,1936,"Drama, Romance, Comedy",276572,"1936-02-25","Charles Chaplin"
tt1727824,5,2019-02-03,"Bohemian Rhapsody","Bohemian Rhapsody",https://www.imdb.com/title/tt1727824,Movie,7.9,134,2018,"Biography, Drama, Music",628962,"2018-11-02","Bryan Singer"
tt3564472,5,2019-01-31,"Girls Trip","Girls Trip",https://www.imdb.com/title/tt3564472,Movie,6.2,122,2017,"Comedy, Drama, Adventure",42115,"2017-07-21","Malcolm D. Lee"
tt9412098,5,2019-01-30,"Fyre","Fyre",https://www.imdb.com/title/tt9412098,Movie,7.2,97,2019,"Documentary, Music, Crime",54006,"2019-01-18","Chris Smith"
tt3398228,6,2019-01-21,"BoJack Horseman","BoJack Horseman",https://www.imdb.com/title/tt3398228,TV Series,8.8,25,2014,"Animation, Comedy, Drama",216891,"2014-08-22",
tt6644200,5,2019-01-12,"A Quiet Place","A Quiet Place",https://www.imdb.com/title/tt6644200,Movie,7.5,90,2018,"Drama, Horror, Sci-Fi",638139,"2018-04-06","John Krasinski"
tt4925292,8,2019-01-10,"Lady Bird","Lady Bird",https://www.imdb.com/title/tt4925292,Movie,7.4,94,2017,"Comedy, Drama",355508,"2017-12-01","Greta Gerwig"
tt1825683,7,2019-01-09,"Black Panther","Black Panther",https://www.imdb.com/title/tt1825683,Movie,7.3,134,2018,"Action, Adventure, Sci-Fi",887944,"2018-02-16","Ryan Coogler"
tt1242460,7,2019-01-06,"We Need to Talk About Kevin","We Need to Talk About Kevin",https://www.imdb.com/title/tt1242460,Movie,7.4,112,2011,"Drama, Thriller, Mystery",176674,"2011-10-21","Lynne Ramsay"
tt0408306,7,2018-12-30,"Munich","Munich",https://www.imdb.com/title/tt0408306,Movie,7.5,164,2005,"Drama, Thriller, History",249060,"2006-01-06","Steven Spielberg"
tt1872194,4,2018-12-24,"The Judge","The Judge",https://www.imdb.com/title/tt1872194,Movie,7.4,141,2014,"Drama, Crime, Mystery, Thriller",215501,"2014-10-10","David Dobkin"
tt5129818,6,2018-12-18,"Under the Sun","V luchakh solntsa",https://www.imdb.com/title/tt5129818,Movie,7.4,106,2015,"Documentary",5313,"2016-04-12","Vitaliy Manskiy"
tt1389072,5,2018-12-16,"Downsizing","Downsizing",https://www.imdb.com/title/tt1389072,Movie,5.8,135,2017,"Drama, Sci-Fi, Fantasy",134148,"2017-12-22","Alexander Payne"
tt8359848,8,2018-12-11,"Climax","Climax",https://www.imdb.com/title/tt8359848,Movie,6.9,97,2018,"Drama, Horror, Music, Thriller",87051,"2019-03-15","Gaspar Noé"
tt3104988,8,2018-11-30,"Crazy Rich Asians","Crazy Rich Asians",https://www.imdb.com/title/tt3104988,Movie,6.9,120,2018,"Comedy, Romance, Drama",203352,"2018-08-15","Jon M. Chu"
tt0070723,7,2018-11-26,"Soylent Green","Soylent Green",https://www.imdb.com/title/tt0070723,Movie,7.0,97,1973,"Mystery, Crime, Sci-Fi, Thriller",73705,"1973-05-09","Richard Fleischer"
tt5278506,8,2018-11-25,"Tickled","Tickled",https://www.imdb.com/title/tt5278506,Movie,7.4,92,2016,"Documentary, Mystery, Crime",22394,"2016-06-17","David Farrier,Dylan Reeve"
tt4912910,6,2018-11-25,"Mission: Impossible - Fallout","Mission: Impossible - Fallout",https://www.imdb.com/title/tt4912910,Movie,7.7,147,2018,"Action, Adventure, Thriller",408689,"2018-07-27","Christopher McQuarrie"
tt0092099,6,2018-11-11,"Top Gun","Top Gun",https://www.imdb.com/title/tt0092099,Movie,7.0,109,1986,"Drama, Action",536473,"1986-05-16","Tony Scott"
tt0203009,2,2018-11-09,"Moulin Rouge!","Moulin Rouge!",https://www.imdb.com/title/tt0203009,Movie,7.6,127,2001,"Musical, Romance, Drama",309463,"2001-06-01","Baz Luhrmann"
tt0372588,6,2018-11-09,"Team America: World Police","Team America: World Police",https://www.imdb.com/title/tt0372588,Movie,7.2,98,2004,"Action, Comedy",183376,"2004-10-15","Trey Parker"
tt3606756,7,2018-10-24,"Incredibles 2","Incredibles 2",https://www.imdb.com/title/tt3606756,Movie,7.5,118,2018,"Animation, Action, Adventure, Family, Sci-Fi, Comedy, Thriller",357818,"2018-06-15","Brad Bird"
tt0407887,8,2018-10-14,"The Departed","The Departed",https://www.imdb.com/title/tt0407887,Movie,8.5,151,2006,"Crime, Drama, Thriller",1509482,"2006-10-06","Martin Scorsese"
tt0130827,7,2018-10-11,"Run Lola Run","Lola rennt",https://www.imdb.com/title/tt0130827,Movie,7.6,80,1998,"Crime, Thriller, Action",214862,"1999-06-18","Tom Tykwer"
tt0099810,7,2018-10-07,"The Hunt for Red October","The Hunt for Red October",https://www.imdb.com/title/tt0099810,Movie,7.5,135,1990,"Action, Thriller, Adventure",225533,"1990-03-02","John McTiernan"
tt1817273,6,2018-10-05,"The Place Beyond the Pines","The Place Beyond the Pines",https://www.imdb.com/title/tt1817273,Movie,7.3,140,2012,"Drama, Crime, Thriller",303118,"2013-04-19","Derek Cianfrance"
tt8912280,4,2018-10-03,"Starbucks Unfiltered","Starbucks sans filtre",https://www.imdb.com/title/tt8912280,TV Movie,7.1,94,2018,"Documentary",252,"2018-08-28","Gilles Bovon,Luc Hermann"
tt0177242,6,2018-10-03,"Sun Alley","Sonnenallee",https://www.imdb.com/title/tt0177242,Movie,6.8,101,1999,"Drama, Romance, Comedy",7457,"1999-10-07","Leander Haußmann"
tt6622186,6,2018-09-29,"Ferrari: Race to Immortality","Ferrari: Race to Immortality",https://www.imdb.com/title/tt6622186,Movie,6.9,91,2017,"Documentary, Sport",1600,"2017-11-03","Daryl Goodrich"
tt0088258,7,2018-09-21,"This Is Spinal Tap","This Is Spinal Tap",https://www.imdb.com/title/tt0088258,Movie,7.9,82,1984,"Music, Comedy",153853,"1984-03-02","Rob Reiner"
tt1210166,7,2018-09-07,"Moneyball","Moneyball",https://www.imdb.com/title/tt1210166,Movie,7.6,133,2011,"Drama, Sport, Biography",494436,"2011-09-23","Bennett Miller"
tt2763304,6,2018-09-07,"T2 Trainspotting","T2 Trainspotting",https://www.imdb.com/title/tt2763304,Movie,7.1,117,2017,"Drama, Comedy, Crime",138834,"2017-03-31","Danny Boyle"
tt1253863,5,2018-09-07,"300: Rise of an Empire","300: Rise of an Empire",https://www.imdb.com/title/tt1253863,Movie,6.2,102,2014,"Action, Drama",325427,"2014-03-07","Noam Murro"
tt0102926,7,2018-09-07,"The Silence of the Lambs","The Silence of the Lambs",https://www.imdb.com/title/tt0102926,Movie,8.6,118,1991,"Crime, Drama, Horror, Thriller",1660571,"1991-02-14","Jonathan Demme"
tt1701976,6,2018-09-07,"Urbanized","Urbanized",https://www.imdb.com/title/tt1701976,Movie,7.3,85,2011,"Documentary",2341,"2011-10-26","Gary Hustwit"
tt5649144,7,2018-09-07,"The Florida Project","The Florida Project",https://www.imdb.com/title/tt5649144,Movie,7.6,111,2017,"Drama",142414,"2017-11-10","Sean Baker"
tt5463162,5,2018-09-01,"Deadpool 2","Deadpool 2",https://www.imdb.com/title/tt5463162,Movie,7.6,119,2018,"Action, Adventure, Comedy, Sci-Fi",724371,"2018-05-18","David Leitch"
tt4154756,7,2018-08-22,"Avengers: Infinity War","Avengers: Infinity War",https://www.imdb.com/title/tt4154756,Movie,8.4,149,2018,"Action, Sci-Fi, Adventure",1316174,"2018-04-27","Anthony Russo,Joe Russo"
tt5027774,6,2018-08-19,"Three Billboards Outside Ebbing, Missouri","Three Billboards Outside Ebbing, Missouri",https://www.imdb.com/title/tt5027774,Movie,8.1,115,2017,"Crime, Drama, Comedy",590634,"2017-12-01","Martin McDonagh"
tt3606752,5,2018-08-13,"Cars 3","Cars 3",https://www.imdb.com/title/tt3606752,Movie,6.7,102,2017,"Animation, Comedy, Family, Sport, Adventure",141485,"2017-06-16","Brian Fee"
tt0076666,6,2018-07-30,"Saturday Night Fever","Saturday Night Fever",https://www.imdb.com/title/tt0076666,Movie,6.8,118,1977,"Music, Drama",92433,"1977-12-16","John Badham"
tt0114814,6,2018-07-28,"The Usual Suspects","The Usual Suspects",https://www.imdb.com/title/tt0114814,Movie,8.5,106,1995,"Drama, Crime, Mystery, Thriller",1204541,"1995-08-16","Bryan Singer"
tt0405094,7,2018-07-23,"The Lives of Others","Das Leben der Anderen",https://www.imdb.com/title/tt0405094,Movie,8.4,137,2006,"Drama, Thriller, Mystery",432153,"2007-03-30","Florian Henckel von Donnersmarck"
tt0088680,7,2018-07-22,"After Hours","After Hours",https://www.imdb.com/title/tt0088680,Movie,7.6,97,1985,"Drama, Crime, Thriller, Comedy",91013,"1985-10-11","Martin Scorsese"
tt0040746,8,2018-07-20,"Rope","Rope",https://www.imdb.com/title/tt0040746,Movie,7.9,80,1948,"Drama, Crime, Mystery, Thriller",161939,"1948-09-25","Alfred Hitchcock"
tt2283362,6,2018-07-17,"Jumanji: Welcome to the Jungle","Jumanji: Welcome to the Jungle",https://www.imdb.com/title/tt2283362,Movie,7.0,119,2017,"Adventure, Fantasy, Action, Comedy",487344,"2017-12-20","Jake Kasdan"
tt6573942,4,2018-07-08,"Schumann's Bar Talks","Schumanns Bargespräche",https://www.imdb.com/title/tt6573942,Movie,6.4,98,2017,"Documentary",105,"2017-10-12","Marieke Schroeder"
tt2704998,6,2018-07-07,"Game Night","Game Night",https://www.imdb.com/title/tt2704998,Movie,6.9,100,2018,"Comedy, Crime, Action, Thriller, Adventure",268973,"2018-02-23","John Francis Daley,Jonathan Goldstein"
tt5104604,5,2018-06-16,"Isle of Dogs","Isle of Dogs",https://www.imdb.com/title/tt5104604,Movie,7.8,101,2018,"Animation, Comedy, Adventure, Drama, Sci-Fi, Fantasy",203827,"2018-04-13","Wes Anderson"
tt3778644,5,2018-05-27,"Solo: A Star Wars Story","Solo: A Star Wars Story",https://www.imdb.com/title/tt3778644,Movie,6.9,135,2018,"Sci-Fi, Action, Adventure",400089,"2018-05-25","Ron Howard"
tt0084553,7,2018-04-30,"Purple Haze","Purple Haze",https://www.imdb.com/title/tt0084553,Movie,7.1,97,1982,"Drama",186,"1982-10","David Burton Morris"
tt4468740,6,2018-03-31,"Paddington 2","Paddington 2",https://www.imdb.com/title/tt4468740,Movie,7.8,103,2017,"Family, Comedy, Adventure",108515,"2018-01-12","Paul King"
tt4276820,5,2018-03-30,"The Founder","The Founder",https://www.imdb.com/title/tt4276820,Movie,7.2,115,2016,"Biography, Drama",196992,"2017-01-20","John Lee Hancock"
tt1856101,6,2018-03-30,"Blade Runner 2049","Blade Runner 2049",https://www.imdb.com/title/tt1856101,Movie,8.0,164,2017,"Sci-Fi, Thriller, Action, Drama, Mystery",726508,"2017-10-06","Denis Villeneuve"
tt6763252,6,2018-03-20,"The Captain","Der Hauptmann",https://www.imdb.com/title/tt6763252,Movie,7.3,118,2017,"History, Drama, War, Thriller",23349,"2018-07-27","Robert Schwentke"
tt2527336,6,2018-03-18,"Star Wars: Episode VIII - The Last Jedi","Star Wars: Episode VIII - The Last Jedi",https://www.imdb.com/title/tt2527336,Movie,6.9,152,2017,"Sci-Fi, Action, Adventure, Fantasy",703438,"2017-12-15","Rian Johnson"
tt6258718,8,2018-03-14,"Bad Banks","Bad Banks",https://www.imdb.com/title/tt6258718,TV Series,7.8,52,2018,"Drama, Thriller, Crime",6517,"2018-04-30",
tt5715874,7,2018-03-11,"The Killing of a Sacred Deer","The Killing of a Sacred Deer",https://www.imdb.com/title/tt5715874,Movie,7.0,121,2017,"Drama, Mystery, Thriller, Horror",207020,"2017-11-03","Yorgos Lanthimos"
tt2024469,5,2018-02-23,"Non-Stop","Non-Stop",https://www.imdb.com/title/tt2024469,Movie,6.9,106,2014,"Action, Thriller, Mystery",283587,"2014-02-28","Jaume Collet-Serra"
tt5439796,7,2018-02-22,"Logan Lucky","Logan Lucky",https://www.imdb.com/title/tt5439796,Movie,7.0,118,2017,"Comedy, Crime, Drama, Action",173434,"2017-08-18","Steven Soderbergh"
tt4425200,7,2018-02-21,"John Wick: Chapter 2","John Wick: Chapter 2",https://www.imdb.com/title/tt4425200,Movie,7.4,122,2017,"Action, Thriller, Crime",552547,"2017-02-10","Chad Stahelski"
tt2911666,7,2018-02-19,"John Wick","John Wick",https://www.imdb.com/title/tt2911666,Movie,7.5,101,2014,"Action, Thriller, Crime",798904,"2014-10-24","Chad Stahelski"
tt1485796,6,2018-01-22,"The Greatest Showman","The Greatest Showman",https://www.imdb.com/title/tt1485796,Movie,7.5,105,2017,"Musical, Drama, Biography",335407,"2017-12-20","Michael Gracey"
tt0033467,8,2018-01-14,"Citizen Kane","Citizen Kane",https://www.imdb.com/title/tt0033467,Movie,8.2,119,1941,"Drama, Mystery",485842,"1941-09-05","Orson Welles"
tt3335606,5,2018-01-14,"Berlin Syndrome","Berlin Syndrome",https://www.imdb.com/title/tt3335606,Movie,6.3,116,2017,"Thriller, Drama, Horror, Mystery",28811,"2017-05-26","Cate Shortland"
tt5723272,6,2018-01-09,"In the Fade","Aus dem Nichts",https://www.imdb.com/title/tt5723272,Movie,7.1,106,2017,"Drama, Crime, Thriller, Mystery",37077,"2017-12-27","Fatih Akin"
tt0083530,5,2017-12-23,"Airplane II: The Sequel","Airplane II: The Sequel",https://www.imdb.com/title/tt0083530,Movie,6.2,85,1982,"Sci-Fi, Comedy",59613,"1982-12-10","Ken Finkleman"
tt4911940,6,2017-12-20,"Goodbye Berlin","Tschick",https://www.imdb.com/title/tt4911940,Movie,6.9,93,2016,"Family, Comedy, Drama",11588,"2016-09-15","Fatih Akin"
tt4877122,2,2017-11-27,"The Emoji Movie","The Emoji Movie",https://www.imdb.com/title/tt4877122,Movie,3.5,86,2017,"Animation, Comedy, Family, Adventure, Fantasy, Sci-Fi",77106,"2017-07-28","Tony Leondis"
tt0071562,8,2017-11-25,"The Godfather Part II","The Godfather Part II",https://www.imdb.com/title/tt0071562,Movie,9.0,202,1974,"Crime, Drama",1449960,"1974-12-18","Francis Ford Coppola"
tt1502404,6,2017-11-18,"Drive Angry","Drive Angry",https://www.imdb.com/title/tt1502404,Movie,5.4,104,2011,"Thriller, Action, Fantasy, Comedy",105730,"2011-02-25","Patrick Lussier"
tt4975722,5,2017-11-17,"Moonlight","Moonlight",https://www.imdb.com/title/tt4975722,Movie,7.4,111,2016,"Drama",345168,"2016-11-18","Barry Jenkins"
tt6628364,5,2017-11-06,"Le Mans: Racing Is Everything","Le Mans: Racing Is Everything",https://www.imdb.com/title/tt6628364,TV Mini Series,7.2,25,2017,"Documentary, Sport",926,"2017-06-09",
tt0080339,7,2017-11-05,"Airplane!","Airplane!",https://www.imdb.com/title/tt0080339,Movie,7.7,88,1980,"Comedy",278913,"1980-07-02","Jim Abrahams,David Zucker,Jerry Zucker"
tt1396484,6,2017-10-30,"It","It",https://www.imdb.com/title/tt1396484,Movie,7.3,135,2017,"Horror",655782,"2017-09-08","Andy Muschietti"
tt0435761,7,2017-10-29,"Toy Story 3","Toy Story 3",https://www.imdb.com/title/tt0435761,Movie,8.3,103,2010,"Animation, Adventure, Comedy, Family, Fantasy",943988,"2010-06-18","Lee Unkrich"
tt0120363,6,2017-10-29,"Toy Story 2","Toy Story 2",https://www.imdb.com/title/tt0120363,Movie,7.9,92,1999,"Animation, Adventure, Comedy, Family, Fantasy",652617,"1999-11-24","John Lasseter,Ash Brannon,Lee Unkrich"
tt0114709,7,2017-10-29,"Toy Story","Toy Story",https://www.imdb.com/title/tt0114709,Movie,8.3,81,1995,"Animation, Adventure, Comedy, Family, Fantasy",1139085,"1995-11-22","John Lasseter"
tt4649466,7,2017-10-17,"Kingsman: The Golden Circle","Kingsman: The Golden Circle",https://www.imdb.com/title/tt4649466,Movie,6.7,141,2017,"Action, Adventure, Comedy, Crime, Thriller",391512,"2017-09-22","Matthew Vaughn"
tt1700841,4,2017-10-13,"Sausage Party","Sausage Party",https://www.imdb.com/title/tt1700841,Movie,6.1,89,2016,"Animation, Comedy, Adventure, Fantasy",222086,"2016-08-12","Greg Tiernan,Conrad Vernon"
tt5075584,7,2017-10-06,"Lommbock","Lommbock",https://www.imdb.com/title/tt5075584,Movie,6.6,91,2017,"Comedy",4229,"2017-03-23","Christian Zübert"
tt0126765,8,2017-09-25,"23","23 - Nichts ist so wie es scheint",https://www.imdb.com/title/tt0126765,Movie,7.2,99,1998,"Drama, Thriller",7657,"1999-01-14","Hans-Christian Schmid"
tt2406566,6,2017-09-13,"Atomic Blonde","Atomic Blonde",https://www.imdb.com/title/tt2406566,Movie,6.7,115,2017,"Thriller, Action",216134,"2017-07-28","David Leitch"
tt3640710,7,2017-08-31,"Kim Dotcom: Caught in the Web","Kim Dotcom: Caught in the Web",https://www.imdb.com/title/tt3640710,Movie,7.0,107,2017,"Documentary, Biography, Thriller",1441,"2017-08-22","Annie Goldson"
tt6802522,8,2017-08-25,"Far. The Story of a Journey Around the World","WEIT. Die Geschichte von einem Weg um die Welt",https://www.imdb.com/title/tt6802522,Movie,8.2,128,2017,"Documentary, Adventure",1286,"2017-03-27","Patrick Allgaier,Gwendolin Weisser"
tt3416828,6,2017-08-21,"Ice Age: Collision Course","Ice Age: Collision Course",https://www.imdb.com/title/tt3416828,Movie,5.7,94,2016,"Animation, Comedy, Adventure, Family, Sci-Fi",82517,"2016-07-22","Michael Thurmeier,Galen T. Chu"
tt3890160,6,2017-08-16,"Baby Driver","Baby Driver",https://www.imdb.com/title/tt3890160,Movie,7.5,113,2017,"Action, Music, Crime, Drama",662425,"2017-06-28","Edgar Wright"
tt4139124,6,2017-08-13,"Keanu","Keanu",https://www.imdb.com/title/tt4139124,Movie,6.2,100,2016,"Comedy, Action, Crime",54228,"2016-04-29","Peter Atencio"
tt3469046,5,2017-08-01,"Despicable Me 3","Despicable Me 3",https://www.imdb.com/title/tt3469046,Movie,6.3,89,2017,"Animation, Adventure, Comedy, Family, Sci-Fi, Crime",172935,"2017-06-30","Kyle Balda,Pierre Coffin,Eric Guillon"
tt5013056,10,2017-07-31,"Dunkirk","Dunkirk",https://www.imdb.com/title/tt5013056,Movie,7.8,106,2017,"War, Drama, Action, History, Thriller",784024,"2017-07-21","Christopher Nolan"
tt0109842,7,2017-07-14,"Fresh","Fresh",https://www.imdb.com/title/tt0109842,Movie,7.5,114,1994,"Crime, Thriller, Drama",15748,"1994-09-02","Boaz Yakin"
tt2820852,5,2017-07-09,"Furious 7","Fast & Furious 7",https://www.imdb.com/title/tt2820852,Movie,7.1,137,2015,"Action, Thriller",431444,"2015-04-03","James Wan"
tt4362646,6,2017-07-09,"Golden Years","Golden Years",https://www.imdb.com/title/tt4362646,Movie,6.1,96,2016,"Comedy, Action, Crime, Drama",1385,"2016-04-29","John Miller"
tt4116284,5,2017-07-04,"The Lego Batman Movie","The Lego Batman Movie",https://www.imdb.com/title/tt4116284,Movie,7.3,104,2017,"Animation, Action, Comedy, Family, Adventure, Fantasy, Sci-Fi",186035,"2017-02-10","Chris McKay"
tt2359024,5,2017-07-03,"Blue Ruin","Blue Ruin",https://www.imdb.com/title/tt2359024,Movie,7.1,90,2013,"Thriller, Crime, Drama",84446,"2014-07-09","Jeremy Saulnier"
tt3717490,5,2017-06-13,"Power Rangers","Power Rangers",https://www.imdb.com/title/tt3717490,Movie,5.9,124,2017,"Action, Sci-Fi, Adventure, Fantasy",117802,"2017-03-24","Dean Israelite"
tt3315342,5,2017-06-05,"Logan","Logan",https://www.imdb.com/title/tt3315342,Movie,8.1,137,2017,"Action, Sci-Fi, Drama, Thriller",902688,"2017-03-03","James Mangold"
tt0455275,5,2017-06-01,"Prison Break","Prison Break",https://www.imdb.com/title/tt0455275,TV Series,8.3,44,2005,"Mystery, Thriller, Crime, Drama, Action",642254,"2005-08-29",
tt1355683,5,2017-05-12,"Black Mass","Black Mass",https://www.imdb.com/title/tt1355683,Movie,6.8,123,2015,"Drama, Crime, Biography",199786,"2015-09-18","Scott Cooper"
tt1392214,7,2017-05-07,"Prisoners","Prisoners",https://www.imdb.com/title/tt1392214,Movie,8.2,153,2013,"Crime, Drama, Thriller, Mystery",892186,"2013-09-20","Denis Villeneuve"
tt2140479,5,2017-04-30,"The Accountant","The Accountant",https://www.imdb.com/title/tt2140479,Movie,7.3,128,2016,"Thriller, Action, Crime, Drama",382386,"2016-10-14","Gavin O'Connor"
tt3640424,7,2017-04-28,"Allied","Allied",https://www.imdb.com/title/tt3640424,Movie,7.1,124,2016,"Drama, Romance, Thriller, War, Action",177081,"2016-11-23","Robert Zemeckis"
tt0390384,7,2017-04-17,"Primer","Primer",https://www.imdb.com/title/tt0390384,Movie,6.7,77,2004,"Drama, Thriller, Sci-Fi",119275,"2005-05-25","Shane Carruth"
tt0180093,9,2017-04-13,"Requiem for a Dream","Requiem for a Dream",https://www.imdb.com/title/tt0180093,Movie,8.3,102,2000,"Drama",950285,"2000-12-15","Darren Aronofsky"
tt5700672,4,2017-03-19,"Train to Busan","Busanhaeng",https://www.imdb.com/title/tt5700672,Movie,7.6,118,2016,"Horror, Thriller, Action",292426,"2025-05-02","Yeon Sang-ho"
tt2461150,6,2017-03-06,"Masterminds","Masterminds",https://www.imdb.com/title/tt2461150,Movie,5.8,95,2015,"Comedy, Crime, Biography",64198,"2016-09-30","Jared Hess"
tt0114746,8,2017-02-26,"12 Monkeys","Twelve Monkeys",https://www.imdb.com/title/tt0114746,Movie,8.0,129,1995,"Mystery, Sci-Fi, Thriller",668908,"1996-01-05","Terry Gilliam"
tt1398426,7,2017-02-19,"Straight Outta Compton","Straight Outta Compton",https://www.imdb.com/title/tt1398426,Movie,7.8,147,2015,"Musical, Biography, Music, Drama, History",229635,"2015-08-14","F. Gary Gray"
tt2277860,5,2017-02-12,"Finding Dory","Finding Dory",https://www.imdb.com/title/tt2277860,Movie,7.2,97,2016,"Animation, Comedy, Adventure, Family, Fantasy, Mystery",324379,"2016-06-17","Andrew Stanton,Angus MacLane"
tt0082096,7,2017-02-12,"Das Boot","Das Boot",https://www.imdb.com/title/tt0082096,Movie,8.4,149,1981,"Drama, War",281948,"1982-02-10","Wolfgang Petersen"
tt4034228,9,2017-02-10,"Manchester by the Sea","Manchester by the Sea",https://www.imdb.com/title/tt4034228,Movie,7.8,137,2016,"Drama",341869,"2016-12-16","Kenneth Lonergan"
tt2582782,7,2017-01-15,"Hell or High Water","Hell or High Water",https://www.imdb.com/title/tt2582782,Movie,7.6,102,2016,"Crime, Drama, Thriller, Western",269128,"2016-08-26","David Mackenzie"
tt1860357,6,2017-01-01,"Deepwater Horizon","Deepwater Horizon",https://www.imdb.com/title/tt1860357,Movie,7.1,107,2016,"Drama, Thriller, Action, History",194059,"2016-09-30","Peter Berg"
tt0038650,9,2016-12-24,"It's a Wonderful Life","It's a Wonderful Life",https://www.imdb.com/title/tt0038650,Movie,8.6,130,1946,"Family, Fantasy, Romance, Drama",533801,"1947-01-07","Frank Capra"
tt5680442,7,2016-12-18,"The Verdict","Terror - Ihr Urteil",https://www.imdb.com/title/tt5680442,TV Movie,7.3,95,2016,"Drama, Crime",1462,"2016-10-17","Lars Kraume"
tt3748528,8,2016-12-17,"Rogue One: A Star Wars Story","Rogue One",https://www.imdb.com/title/tt3748528,Movie,7.8,133,2016,"Action, Adventure, Sci-Fi",736250,"2016-12-16","Gareth Edwards"
tt2543164,9,2016-12-12,"Arrival","Arrival",https://www.imdb.com/title/tt2543164,Movie,7.9,116,2016,"Sci-Fi, Drama, Mystery",832590,"2016-11-11","Denis Villeneuve"
tt3850590,5,2016-12-10,"Krampus","Krampus",https://www.imdb.com/title/tt3850590,Movie,6.2,98,2015,"Comedy, Fantasy, Horror",91080,"2015-12-04","Michael Dougherty"
tt3263904,6,2016-12-03,"Sully","Sully",https://www.imdb.com/title/tt3263904,Movie,7.4,96,2016,"Drama, Biography",315191,"2016-09-09","Clint Eastwood"
tt0264464,7,2016-11-27,"Catch Me If You Can","Catch Me If You Can",https://www.imdb.com/title/tt0264464,Movie,8.1,141,2002,"Drama, Biography, Crime",1186798,"2002-12-25","Steven Spielberg"
tt2241351,6,2016-11-26,"Money Monster","Money Monster",https://www.imdb.com/title/tt2241351,Movie,6.5,98,2016,"Thriller, Crime, Drama, Mystery, Action",110361,"2016-05-13","Jodie Foster"
tt4176826,6,2016-11-26,"Look Who's Back","Er ist wieder da",https://www.imdb.com/title/tt4176826,Movie,7.0,116,2015,"Comedy, Fantasy, Drama",52593,"2017-05-27","David Wnendt"
tt0259446,6,2016-11-17,"My Big Fat Greek Wedding","My Big Fat Greek Wedding",https://www.imdb.com/title/tt0259446,Movie,6.6,95,2002,"Drama, Romance, Comedy",149417,"2002-08-02","Joel Zwick"
tt0264935,5,2016-11-17,"Murder by Numbers","Murder by Numbers",https://www.imdb.com/title/tt0264935,Movie,6.2,115,2002,"Mystery, Crime, Thriller",65176,"2002-04-19","Barbet Schroeder"
tt2379713,5,2016-10-16,"Spectre","Spectre",https://www.imdb.com/title/tt2379713,Movie,6.8,148,2015,"Adventure, Thriller, Action",484781,"2015-11-06","Sam Mendes"
tt0790636,8,2016-10-04,"Dallas Buyers Club","Dallas Buyers Club",https://www.imdb.com/title/tt0790636,Movie,7.9,117,2013,"Drama, Biography",539002,"2013-11-22","Jean-Marc Vallée"
tt1411697,6,2016-10-04,"The Hangover Part II","The Hangover Part II",https://www.imdb.com/title/tt1411697,Movie,6.5,102,2011,"Comedy",563136,"2011-05-26","Todd Phillips"
tt0121210,8,2016-10-04,"Dinner for One","Der 90. Geburtstag oder Dinner for One",https://www.imdb.com/title/tt0121210,TV Short,8.0,18,1963,"Short, Comedy",8465,"1963-05","Heinz Dunkhase,Franco Marazzi"
tt0149460,9,2016-10-04,"Futurama","Futurama",https://www.imdb.com/title/tt0149460,TV Series,8.5,22,1999,"Animation, Adventure, Sci-Fi, Comedy",273622,"1999-03-28",
tt3032476,9,2016-10-04,"Better Call Saul","Better Call Saul",https://www.imdb.com/title/tt3032476,TV Series,9.0,45,2015,"Crime, Drama",760141,"2015-02-08",
tt1856010,9,2016-10-04,"House of Cards","House of Cards",https://www.imdb.com/title/tt1856010,TV Series,8.6,50,2013,"Drama, Thriller",550798,"2013-02-01",
tt4574334,9,2016-10-04,"Stranger Things","Stranger Things",https://www.imdb.com/title/tt4574334,TV Series,8.6,60,2016,"Drama, Horror, Thriller, Sci-Fi, Mystery, Fantasy",1482277,"2016-07-15",
tt2861424,9,2016-10-04,"Rick and Morty","Rick and Morty",https://www.imdb.com/title/tt2861424,TV Series,9.0,23,2013,"Animation, Adventure, Comedy, Sci-Fi",666848,"2013-12-02",
tt0903747,10,2016-10-04,"Breaking Bad","Breaking Bad",https://www.imdb.com/title/tt0903747,TV Series,9.5,45,2008,"Drama, Crime, Thriller",2392712,"2008-01-20",
tt0185906,10,2016-10-04,"Band of Brothers","Band of Brothers",https://www.imdb.com/title/tt0185906,TV Mini Series,9.4,60,2001,"History, Action, Drama, War",571645,"2001-09-09",
tt3774114,7,2016-10-02,"Snowden","Snowden",https://www.imdb.com/title/tt3774114,Movie,7.3,134,2016,"Drama, Thriller, Biography, Crime",169732,"2016-09-16","Oliver Stone"
tt1860213,4,2016-09-28,"Dirty Grandpa","Dirty Grandpa",https://www.imdb.com/title/tt1860213,Movie,5.9,102,2016,"Comedy",139359,"2016-01-22","Dan Mazer"
tt0139654,7,2016-09-25,"Training Day","Training Day",https://www.imdb.com/title/tt0139654,Movie,7.8,122,2001,"Crime, Drama, Thriller",502236,"2001-10-05","Antoine Fuqua"
tt2481480,6,2016-09-25,"Rob the Mob","Rob the Mob",https://www.imdb.com/title/tt2481480,Movie,6.3,104,2014,"Crime, Drama, Biography",12205,"2014-04-17","Raymond De Felitta"
tt1399664,6,2016-09-22,"The Night Manager","The Night Manager",https://www.imdb.com/title/tt1399664,TV Series,8.0,60,2016,"Drama, Mystery, Thriller, Crime",112861,"2016-04-19",
tt3381008,6,2016-09-03,"The Brothers Grimsby","Grimsby",https://www.imdb.com/title/tt3381008,Movie,6.2,83,2016,"Comedy, Action, Adventure, Crime",116962,"2016-03-11","Louis Leterrier"
tt2401256,9,2016-08-30,"The Night Of","The Night Of",https://www.imdb.com/title/tt2401256,TV Mini Series,8.4,60,2016,"Crime, Drama, Mystery",186346,"2016-06-24",
tt2802144,8,2016-08-28,"Kingsman: The Secret Service","Kingsman: The Secret Service",https://www.imdb.com/title/tt2802144,Movie,7.7,129,2014,"Adventure, Action, Comedy, Thriller",761020,"2015-02-13","Matthew Vaughn"
tt3040964,7,2016-08-14,"The Jungle Book","The Jungle Book",https://www.imdb.com/title/tt3040964,Movie,7.3,106,2016,"Animation, Musical, Adventure, Fantasy, Family, Drama, Action",301488,"2016-04-15","Jon Favreau"
tt1289401,6,2016-08-08,"Ghostbusters","Ghostbusters",https://www.imdb.com/title/tt1289401,Movie,6.8,117,2016,"Comedy, Sci-Fi, Fantasy, Action",254776,"2016-07-15","Paul Feig"
tt1109624,6,2016-07-26,"Paddington","Paddington",https://www.imdb.com/title/tt1109624,Movie,7.3,95,2014,"Comedy, Family, Fantasy, Adventure",150217,"2015-01-16","Paul King"
tt0780504,6,2016-07-23,"Drive","Drive",https://www.imdb.com/title/tt0780504,Movie,7.8,100,2011,"Drama, Action",744915,"2011-09-16","Nicolas Winding Refn"
tt4048272,8,2016-07-17,"Toni Erdmann","Toni Erdmann",https://www.imdb.com/title/tt4048272,Movie,7.3,162,2016,"Drama, Comedy",54002,"2016-12-25","Maren Ade"
tt2294629,3,2016-07-04,"Frozen","Frozen",https://www.imdb.com/title/tt2294629,Movie,7.4,102,2013,"Animation, Musical, Family, Fantasy, Adventure, Comedy",696198,"2013-11-27","Chris Buck,Jennifer Lee"
tt1721677,8,2016-07-04,"Fastest","Fastest",https://www.imdb.com/title/tt1721677,Movie,7.7,111,2011,"Documentary, Sport",2440,"2012-04-04","Mark Neale"
tt1285016,5,2016-07-04,"The Social Network","The Social Network",https://www.imdb.com/title/tt1285016,Movie,7.8,120,2010,"Drama, Biography",800060,"2010-10-01","David Fincher"
tt1596363,7,2016-07-03,"The Big Short","The Big Short",https://www.imdb.com/title/tt1596363,Movie,7.8,130,2015,"Drama, Biography, Comedy, History",520374,"2015-12-23","Adam McKay"
tt4226388,3,2016-06-24,"Victoria","Victoria",https://www.imdb.com/title/tt4226388,Movie,7.6,138,2015,"Drama, Crime, Thriller, Romance",65955,"2015-06-11","Sebastian Schipper"
tt1528313,6,2016-06-24,"Nothing to Declare","Rien à déclarer",https://www.imdb.com/title/tt1528313,Movie,6.4,108,2010,"Comedy",15815,"2011-01-26","Dany Boon"
tt1690953,6,2016-06-24,"Despicable Me 2","Despicable Me 2",https://www.imdb.com/title/tt1690953,Movie,7.3,98,2013,"Animation, Comedy, Family, Sci-Fi, Adventure, Crime",449173,"2013-07-03","Pierre Coffin,Chris Renaud"
tt0382932,4,2016-06-24,"Ratatouille","Ratatouille",https://www.imdb.com/title/tt0382932,Movie,8.1,111,2007,"Animation, Comedy, Family, Fantasy, Adventure",904607,"2007-06-29","Brad Bird,Jan Pinkava"
tt0988045,6,2016-06-24,"Sherlock Holmes","Sherlock Holmes",https://www.imdb.com/title/tt0988045,Movie,7.5,128,2009,"Adventure, Mystery, Action",695450,"2009-12-25","Guy Ritchie"
tt0432348,3,2016-06-24,"Saw II","Saw II",https://www.imdb.com/title/tt0432348,Movie,6.6,93,2005,"Horror, Mystery",290904,"2005-10-28","Darren Lynn Bousman"
tt1951261,4,2016-06-24,"The Hangover Part III","The Hangover Part III",https://www.imdb.com/title/tt1951261,Movie,5.9,100,2013,"Comedy, Crime",353234,"2013-05-23","Todd Phillips"
tt0112864,6,2016-06-24,"Die Hard with a Vengeance","Die Hard with a Vengeance",https://www.imdb.com/title/tt0112864,Movie,7.6,128,1995,"Adventure, Thriller, Action",423512,"1995-05-19","John McTiernan"
tt1646971,6,2016-06-24,"How to Train Your Dragon 2","How to Train Your Dragon 2",https://www.imdb.com/title/tt1646971,Movie,7.8,102,2014,"Animation, Fantasy, Adventure, Action, Family, Comedy",390527,"2014-06-13","Dean DeBlois"
tt0120586,7,2016-06-24,"American History X","American History X",https://www.imdb.com/title/tt0120586,Movie,8.5,119,1998,"Drama, Crime",1244050,"1998-11-20","Tony Kaye"
tt1010048,6,2016-06-24,"Slumdog Millionaire","Slumdog Millionaire",https://www.imdb.com/title/tt1010048,Movie,8.0,120,2008,"Drama, Romance, Crime",899742,"2008-12-25","Danny Boyle,Loveleen Tandan"
tt2562232,8,2016-06-24,"Birdman or (The Unexpected Virtue of Ignorance)","Birdman or (The Unexpected Virtue of Ignorance)",https://www.imdb.com/title/tt2562232,Movie,7.7,119,2014,"Comedy, Drama",687492,"2014-11-14","Alejandro G. Iñárritu"
tt0044079,7,2016-06-24,"Strangers on a Train","Strangers on a Train",https://www.imdb.com/title/tt0044079,Movie,7.9,101,1951,"Crime, Film-Noir, Drama, Thriller",146728,"1951-06-30","Alfred Hitchcock"
tt1663202,2,2016-06-24,"The Revenant","The Revenant",https://www.imdb.com/title/tt1663202,Movie,8.0,156,2015,"Adventure, Drama, Western",921716,"2016-01-08","Alejandro G. Iñárritu"
tt0107290,7,2016-06-24,"Jurassic Park","Jurassic Park",https://www.imdb.com/title/tt0107290,Movie,8.2,127,1993,"Thriller, Action, Sci-Fi, Adventure",1143010,"1993-06-11","Steven Spielberg"
tt1431045,7,2016-06-24,"Deadpool","Deadpool",https://www.imdb.com/title/tt1431045,Movie,8.0,108,2016,"Action, Sci-Fi, Comedy",1222776,"2016-02-12","Tim Miller"
tt2278388,8,2016-06-24,"The Grand Budapest Hotel","The Grand Budapest Hotel",https://www.imdb.com/title/tt2278388,Movie,8.1,99,2014,"Comedy, Drama",939896,"2014-03-28","Wes Anderson"
tt0266543,6,2016-06-24,"Finding Nemo","Finding Nemo",https://www.imdb.com/title/tt0266543,Movie,8.2,100,2003,"Animation, Family, Comedy, Adventure",1175380,"2003-05-30","Andrew Stanton,Lee Unkrich"
tt0892769,6,2016-06-24,"How to Train Your Dragon","How to Train Your Dragon",https://www.imdb.com/title/tt0892769,Movie,8.1,98,2010,"Animation, Adventure, Fantasy, Family, Action",865443,"2010-03-26","Dean DeBlois,Chris Sanders"
tt0054215,7,2016-06-24,"Psycho","Psycho",https://www.imdb.com/title/tt0054215,Movie,8.5,109,1960,"Mystery, Thriller, Horror, Drama",762374,"1960-09-08","Alfred Hitchcock"
tt1345836,6,2016-06-24,"The Dark Knight Rises","The Dark Knight Rises",https://www.imdb.com/title/tt1345836,Movie,8.4,164,2012,"Action, Drama, Thriller, Crime",1939743,"2012-07-20","Christopher Nolan"
tt2572632,1,2016-06-24,"Vendetta","Vendetta",https://www.imdb.com/title/tt2572632,Movie,5.8,106,2013,"Action, Thriller",4553,"2013-12-23","Stephen Reynolds"
tt1343704,1,2016-06-24,"Zeiten ändern Dich","Zeiten ändern Dich",https://www.imdb.com/title/tt1343704,Movie,3.1,94,2010,"Biography, Drama, Music",5793,"2010-02-04","Uli Edel"
tt0890888,1,2016-06-24,"Vollidiot","Vollidiot",https://www.imdb.com/title/tt0890888,Movie,5.3,102,2007,"Comedy",2473,"2007-04-12","Tobi Baumann"
tt1261954,1,2016-06-24,"Take Me Home","Take Me Home",https://www.imdb.com/title/tt1261954,Movie,6.8,97,2011,"Comedy, Romance",8388,"2013-10-04","Sam Jaeger"
tt0377309,1,2016-06-24,"Survival Island","Three",https://www.imdb.com/title/tt0377309,Movie,4.9,95,2005,"Thriller, Drama",11050,"2006-05-05","Stewart Raffill"
tt0477302,1,2016-06-24,"Extremely Loud & Incredibly Close","Extremely Loud & Incredibly Close",https://www.imdb.com/title/tt0477302,Movie,6.9,129,2011,"Drama, Adventure, Mystery",106969,"2012-01-20","Stephen Daldry"
tt0910970,2,2016-06-24,"WALL·E","WALL·E",https://www.imdb.com/title/tt0910970,Movie,8.4,98,2008,"Animation, Sci-Fi, Adventure, Family",1279469,"2008-06-27","Andrew Stanton"
tt0452694,2,2016-06-24,"The Time Traveler's Wife","The Time Traveler's Wife",https://www.imdb.com/title/tt0452694,Movie,7.1,107,2009,"Drama, Romance, Fantasy, Sci-Fi",163379,"2009-08-14","Robert Schwentke"
tt1500491,2,2016-06-24,"Death Race 2","Death Race 2",https://www.imdb.com/title/tt1500491,Video,5.6,96,2010,"Action, Sci-Fi, Thriller, Crime",35762,"2011-01-18","Roel Reiné"
tt0960790,2,2016-06-24,"Rabbit Without Ears","Keinohrhasen",https://www.imdb.com/title/tt0960790,Movie,6.5,116,2007,"Comedy, Romance",19133,"2007-12-20","Til Schweiger"
tt0466713,2,2016-06-24,"Military Academy","Kein Bund fürs Leben",https://www.imdb.com/title/tt0466713,Movie,5.1,85,2007,"Comedy",1663,"2007-08-30","Granz Henman"
tt0976042,3,2016-06-24,"Forever Never Anywhere","Immer nie am Meer",https://www.imdb.com/title/tt0976042,Movie,6.9,88,2007,"Comedy, Drama",1167,"2007-03-09","Antonin Svoboda"
tt1727388,4,2016-06-24,"The Way Way Back","The Way Way Back",https://www.imdb.com/title/tt1727388,Movie,7.4,103,2013,"Comedy, Drama",162176,"2013-07-26","Nat Faxon,Jim Rash"
tt0349903,4,2016-06-24,"Ocean's Twelve","Ocean's Twelve",https://www.imdb.com/title/tt0349903,Movie,6.5,125,2004,"Thriller, Crime",430775,"2004-12-10","Steven Soderbergh"
tt1277953,4,2016-06-24,"Madagascar 3: Europe's Most Wanted","Madagascar 3: Europe's Most Wanted",https://www.imdb.com/title/tt1277953,Movie,6.8,93,2012,"Animation, Adventure, Comedy, Family",211138,"2012-06-08","Eric Darnell,Tom McGrath,Conrad Vernon"
tt1181927,4,2016-06-24,"Der Knochenmann","Der Knochenmann",https://www.imdb.com/title/tt1181927,Movie,7.4,127,2009,"Crime, Thriller, Comedy",5025,"2009-03-06","Wolfgang Murnberger"
tt1723121,5,2016-06-24,"We're the Millers","We're the Millers",https://www.imdb.com/title/tt1723121,Movie,7.0,110,2013,"Comedy, Crime",512607,"2013-08-07","Rawson Marshall Thurber"
tt0158983,5,2016-06-24,"South Park: Bigger, Longer & Uncut","South Park: Bigger, Longer & Uncut",https://www.imdb.com/title/tt0158983,Movie,7.7,81,1999,"Animation, Musical, Fantasy, Comedy",221983,"1999-06-30","Trey Parker"
tt1183911,5,2016-06-24,"Mr. Nice","Mr. Nice",https://www.imdb.com/title/tt1183911,Movie,6.3,121,2010,"Drama, Comedy, Biography, Crime",8136,"2011-06-03","Bernard Rose"
tt1116184,5,2016-06-24,"Jackass 3D","Jackass 3D",https://www.imdb.com/title/tt1116184,Movie,7.0,94,2010,"Documentary, Comedy, Action",70241,"2010-10-15","Jeff Tremaine"
tt0804497,5,2016-06-24,"It's Kind of a Funny Story","It's Kind of a Funny Story",https://www.imdb.com/title/tt0804497,Movie,7.1,101,2010,"Drama, Comedy, Romance",150983,"2010-10-08","Anna Boden,Ryan Fleck"
tt0240772,6,2016-06-24,"Ocean's Eleven","Ocean's Eleven",https://www.imdb.com/title/tt0240772,Movie,7.7,116,2001,"Thriller, Crime",655960,"2001-12-07","Steven Soderbergh"
tt0371724,6,2016-06-24,"The Hitchhiker's Guide to the Galaxy","The Hitchhiker's Guide to the Galaxy",https://www.imdb.com/title/tt0371724,Movie,6.7,109,2005,"Adventure, Comedy, Sci-Fi",214244,"2005-04-29","Garth Jennings"
tt1980209,7,2016-06-24,"Pain & Gain","Pain & Gain",https://www.imdb.com/title/tt1980209,Movie,6.4,129,2013,"Drama, Comedy, Crime, Biography, Mystery, Action",237842,"2013-04-26","Michael Bay"
tt1849755,8,2016-06-24,"Die Mondverschwörung","Die Mondverschwörung",https://www.imdb.com/title/tt1849755,Movie,7.6,86,2011,"Documentary, News, Comedy",427,"2011-04-21","Thomas Frickel"
tt1504320,8,2016-06-24,"The King's Speech","The King's Speech",https://www.imdb.com/title/tt1504320,Movie,8.0,118,2010,"Drama, Biography, History",725208,"2010-12-25","Tom Hooper"
tt0378194,8,2016-06-24,"Kill Bill: Vol. 2","Kill Bill: Vol. 2",https://www.imdb.com/title/tt0378194,Movie,8.0,137,2004,"Thriller, Crime, Action",846481,"2004-04-16","Quentin Tarantino"
tt2488496,8,2016-06-24,"Star Wars: Episode VII - The Force Awakens","Star Wars: Episode VII - The Force Awakens",https://www.imdb.com/title/tt2488496,Movie,7.7,138,2015,"Sci-Fi, Action, Adventure",1009012,"2015-12-18","J.J. Abrams"
tt0208092,8,2016-06-24,"Snatch","Snatch",https://www.imdb.com/title/tt0208092,Movie,8.2,102,2000,"Comedy, Crime",955828,"2001-01-19","Guy Ritchie"
tt1064932,8,2016-06-24,"Welcome to the Sticks","Bienvenue chez les Ch'tis",https://www.imdb.com/title/tt1064932,Movie,7.1,106,2008,"Comedy, Romance",46755,"2008-02-27","Dany Boon"
tt0166924,9,2016-06-24,"Mulholland Drive","Mulholland Dr.",https://www.imdb.com/title/tt0166924,Movie,7.9,147,2001,"Drama, Thriller, Mystery",414162,"2001-10-19","David Lynch"
tt0266697,9,2016-06-24,"Kill Bill: Vol. 1","Kill Bill: Vol. 1",https://www.imdb.com/title/tt0266697,Movie,8.2,111,2003,"Action, Thriller, Crime",1266736,"2003-10-10","Quentin Tarantino"
tt0110413,9,2016-06-24,"Léon: The Professional","Léon",https://www.imdb.com/title/tt0110413,Movie,8.5,110,1994,"Action, Drama, Crime, Thriller",1318067,"1994-11-18","Luc Besson"
tt0114369,9,2016-06-24,"Se7en","Se7en",https://www.imdb.com/title/tt0114369,Movie,8.6,127,1995,"Mystery, Drama, Crime, Thriller",1946146,"1995-09-22","David Fincher"
tt0108052,10,2016-06-24,"Schindler's List","Schindler's List",https://www.imdb.com/title/tt0108052,Movie,9.0,195,1993,"Biography, History, Drama",1543855,"1994-02-04","Steven Spielberg"
tt2293640,1,2016-06-24,"Minions","Minions",https://www.imdb.com/title/tt2293640,Movie,6.4,91,2015,"Animation, Comedy, Family, Adventure, Sci-Fi, Crime",276834,"2015-07-10","Kyle Balda,Pierre Coffin"
tt0466342,1,2016-06-24,"Date Movie","Date Movie",https://www.imdb.com/title/tt0466342,Movie,2.8,83,2006,"Comedy, Romance",63738,"2006-02-17","Aaron Seltzer,Jason Friedberg"
tt1648112,1,2016-06-24,"New Kids Turbo","New Kids Turbo",https://www.imdb.com/title/tt1648112,Movie,6.4,84,2010,"Comedy, Action",18706,"2010-12-09","Steffen Haars,Flip Van der Kuil"
tt0448011,1,2016-06-24,"Knowing","Knowing",https://www.imdb.com/title/tt0448011,Movie,6.2,121,2009,"Thriller, Sci-Fi, Mystery",258239,"2009-03-20","Alex Proyas"
tt1951264,1,2016-06-24,"The Hunger Games: Catching Fire","The Hunger Games: Catching Fire",https://www.imdb.com/title/tt1951264,Movie,7.5,146,2013,"Sci-Fi, Thriller, Action, Adventure",756307,"2013-11-22","Francis Lawrence"
tt2524674,1,2016-06-24,"Wetlands","Feuchtgebiete",https://www.imdb.com/title/tt2524674,Movie,5.8,109,2013,"Comedy, Drama",12758,"2013-08-22","David Wnendt"
tt1220634,1,2016-06-24,"Resident Evil: Afterlife","Resident Evil: Afterlife",https://www.imdb.com/title/tt1220634,Movie,5.8,96,2010,"Action, Sci-Fi, Horror",184838,"2010-09-10","Paul W.S. Anderson"
tt0811124,1,2016-06-24,"The Lost Tribe","The Lost Tribe",https://www.imdb.com/title/tt0811124,Movie,3.8,100,2010,"Adventure, Thriller, Horror",1949,"2010-05","Roel Reiné"
tt1213644,1,2016-06-24,"Disaster Movie","Disaster Movie",https://www.imdb.com/title/tt1213644,Movie,1.9,87,2008,"Comedy, Sci-Fi",96928,"2008-08-29","Jason Friedberg,Aaron Seltzer"
tt1800241,1,2016-06-24,"American Hustle","American Hustle",https://www.imdb.com/title/tt1800241,Movie,7.2,138,2013,"Drama, Crime",512496,"2013-12-20","David O. Russell"
tt0093870,1,2016-06-24,"RoboCop","RoboCop",https://www.imdb.com/title/tt0093870,Movie,7.6,102,1987,"Action, Crime, Thriller, Sci-Fi",300881,"1987-07-17","Paul Verhoeven"
tt1397280,1,2016-06-24,"Taken 2","Taken 2",https://www.imdb.com/title/tt1397280,Movie,6.2,92,2012,"Action, Thriller, Crime",332946,"2012-10-05","Olivier Megaton"
tt0795461,1,2016-06-24,"Scary Movie V","Scary Movie 5",https://www.imdb.com/title/tt0795461,Movie,3.6,86,2013,"Comedy",81256,"2013-04-12","Malcolm D. Lee,David Zucker"
tt1251757,1,2016-06-24,"Middle Men","Middle Men",https://www.imdb.com/title/tt1251757,Movie,6.8,105,2009,"Comedy, Drama, Crime",38804,"2010-08-06","George Gallo"
tt0951216,1,2016-06-24,"Mad Money","Mad Money",https://www.imdb.com/title/tt0951216,Movie,5.9,104,2008,"Comedy, Crime, Thriller",23711,"2008-01-18","Callie Khouri"
tt3715320,1,2016-06-24,"Irrational Man","Irrational Man",https://www.imdb.com/title/tt3715320,Movie,6.6,95,2015,"Comedy, Drama, Romance, Crime",69527,"2015-08-07","Woody Allen"
tt2788710,1,2016-06-24,"The Interview","The Interview",https://www.imdb.com/title/tt2788710,Movie,6.5,112,2014,"Comedy, Action, Adventure",370396,"2014-12-24","Evan Goldberg,Seth Rogen"
tt0443453,1,2016-06-24,"Borat","Borat: Cultural Learnings of America for Make Benefit Glorious Nation of Kazakhstan",https://www.imdb.com/title/tt0443453,Movie,7.4,84,2006,"Comedy",465783,"2006-11-03","Larry Charles"
tt1340800,1,2016-06-24,"Tinker Tailor Soldier Spy","Tinker Tailor Soldier Spy",https://www.imdb.com/title/tt1340800,Movie,7.0,127,2011,"Thriller, Drama, Mystery",221990,"2012-01-06","Tomas Alfredson"
tt1637688,1,2016-06-24,"In Time","In Time",https://www.imdb.com/title/tt1637688,Movie,6.7,109,2011,"Sci-Fi, Thriller, Action",472826,"2011-10-28","Andrew Niccol"
tt1038919,1,2016-06-24,"The Bounty Hunter","The Bounty Hunter",https://www.imdb.com/title/tt1038919,Movie,5.6,110,2010,"Action, Comedy, Romance",138354,"2010-03-19","Andy Tennant"
tt1385826,1,2016-06-24,"The Adjustment Bureau","The Adjustment Bureau",https://www.imdb.com/title/tt1385826,Movie,7.0,106,2011,"Romance, Thriller, Sci-Fi, Crime, Mystery, Drama",278790,"2011-03-04","George Nolfi"
tt2120120,2,2016-06-24,"Pixels","Pixels",https://www.imdb.com/title/tt2120120,Movie,5.6,105,2015,"Comedy, Action, Sci-Fi, Fantasy",173390,"2015-07-24","Chris Columbus"
tt1386588,2,2016-06-24,"The Other Guys","The Other Guys",https://www.imdb.com/title/tt1386588,Movie,6.7,107,2010,"Action, Comedy, Crime, Thriller",302452,"2010-08-06","Adam McKay"
tt1007029,2,2016-06-24,"The Iron Lady","The Iron Lady",https://www.imdb.com/title/tt1007029,Movie,6.4,105,2011,"Drama, Biography",115723,"2012-01-13","Phyllida Lloyd"
tt1716772,2,2016-06-24,"The Inbetweeners","The Inbetweeners Movie",https://www.imdb.com/title/tt1716772,Movie,6.7,97,2011,"Comedy",89668,"2011-08-17","Ben Palmer"
tt1499658,2,2016-06-24,"Horrible Bosses","Horrible Bosses",https://www.imdb.com/title/tt1499658,Movie,6.9,98,2011,"Comedy, Crime",482171,"2011-07-08","Seth Gordon"
tt2191701,2,2016-06-24,"Grown Ups 2","Grown Ups 2",https://www.imdb.com/title/tt2191701,Movie,5.4,101,2013,"Comedy",184482,"2013-07-12","Dennis Dugan"
tt2333784,2,2016-06-24,"The Expendables 3","The Expendables 3",https://www.imdb.com/title/tt2333784,Movie,6.1,126,2014,"Action, Adventure, Thriller, Comedy, Crime",203006,"2014-08-15","Patrick Hughes"
tt0993841,2,2016-06-24,"Dead Air","Dead Air",https://www.imdb.com/title/tt0993841,Movie,5.2,90,2009,"Sci-Fi, Thriller, Horror",2624,"2009","Corbin Bernsen"
tt1360767,2,2016-06-24,"A Dangerous Man","A Dangerous Man",https://www.imdb.com/title/tt1360767,Video,4.9,94,2009,"Action, Thriller, Crime",5277,"2010-02-09","Keoni Waxman"
tt0115641,2,2016-06-24,"Beavis and Butt-Head Do America","Beavis and Butt-Head Do America",https://www.imdb.com/title/tt0115641,Movie,6.8,81,1996,"Animation, Music, Crime, Comedy, Adventure",62171,"1996-12-20","Geoffrey Johnson,Mike Judge,Mike de Seve,Brian Mulroney,Yvette Kaplan"
tt0118689,2,2016-06-24,"Bean","Bean",https://www.imdb.com/title/tt0118689,Movie,6.5,89,1997,"Adventure, Family, Comedy",114602,"1997-11-07","Mel Smith"
tt1229340,2,2016-06-24,"Anchorman 2: The Legend Continues","Anchorman 2: The Legend Continues",https://www.imdb.com/title/tt1229340,Movie,6.3,119,2013,"Comedy",198944,"2013-12-18","Adam McKay"
tt0454915,2,2016-06-24,"Polly Blue Eyes","Polly Blue Eyes",https://www.imdb.com/title/tt0454915,Movie,5.9,101,2005,"Comedy, Crime, Romance",320,"2005-11-03","Tomy Wigand"
tt1663662,2,2016-06-24,"Pacific Rim","Pacific Rim",https://www.imdb.com/title/tt1663662,Movie,6.9,131,2013,"Sci-Fi, Action, Adventure",549667,"2013-07-12","Guillermo del Toro"
tt2333804,2,2016-06-24,"The Zero Theorem","The Zero Theorem",https://www.imdb.com/title/tt2333804,Movie,6.0,107,2013,"Drama, Fantasy, Sci-Fi, Mystery, Comedy",51050,"2014-08-19","Terry Gilliam"
tt0865957,2,2016-06-24,"WarGames: The Dead Code","WarGames: The Dead Code",https://www.imdb.com/title/tt0865957,Video,4.5,100,2008,"Drama, Thriller, Sci-Fi",5174,"2008-07-29","Stuart Gillard"
tt1055369,2,2016-06-24,"Transformers: Revenge of the Fallen","Transformers: Revenge of the Fallen",https://www.imdb.com/title/tt1055369,Movie,6.0,149,2009,"Sci-Fi, Action, Adventure",446063,"2009-06-24","Michael Bay"
tt2080374,2,2016-06-24,"Steve Jobs","Steve Jobs",https://www.imdb.com/title/tt2080374,Movie,7.2,122,2015,"Biography, Drama",184672,"2015-10-23","Danny Boyle"
tt2872750,2,2016-06-24,"Shaun the Sheep Movie","Shaun the Sheep Movie",https://www.imdb.com/title/tt2872750,Movie,7.3,85,2015,"Animation, Adventure, Family, Comedy, Fantasy",45800,"2015-08-05","Mark Burton,Richard Starzak"
tt1691917,2,2016-06-24,"Planes","Planes",https://www.imdb.com/title/tt1691917,Movie,5.7,91,2013,"Animation, Family, Adventure, Comedy, Sport, Fantasy",51196,"2013-08-09","Klay Hall"
tt2557490,2,2016-06-24,"A Million Ways to Die in the West","A Million Ways to Die in the West",https://www.imdb.com/title/tt2557490,Movie,6.1,116,2014,"Comedy, Western",206980,"2014-05-30","Seth MacFarlane"
tt0087538,2,2016-06-24,"The Karate Kid","The Karate Kid",https://www.imdb.com/title/tt0087538,Movie,7.3,126,1984,"Drama, Sport, Family, Action",264288,"1984-06-22","John G. Avildsen"
tt1130080,2,2016-06-24,"The Informant!","The Informant!",https://www.imdb.com/title/tt1130080,Movie,6.5,108,2009,"Drama, Comedy, Crime, Biography",69243,"2009-09-18","Steven Soderbergh"
tt0450278,2,2016-06-24,"Hostel","Hostel",https://www.imdb.com/title/tt0450278,Movie,5.9,94,2005,"Horror",200273,"2006-01-06","Eli Roth"
tt1279935,2,2016-06-24,"Date Night","Date Night",https://www.imdb.com/title/tt1279935,Movie,6.3,88,2010,"Comedy, Romance, Crime, Thriller",177372,"2010-04-09","Shawn Levy"
tt0056869,2,2016-06-24,"The Birds","The Birds",https://www.imdb.com/title/tt0056869,Movie,7.6,119,1963,"Drama, Mystery, Romance, Horror",215321,"1963-03-29","Alfred Hitchcock"
tt1284575,2,2016-06-24,"Bad Teacher","Bad Teacher",https://www.imdb.com/title/tt1284575,Movie,5.7,92,2011,"Comedy, Romance",219193,"2011-06-24","Jake Kasdan"
tt2002718,3,2016-06-24,"Machete Kills","Machete Kills",https://www.imdb.com/title/tt2002718,Movie,5.6,107,2013,"Action, Crime, Thriller, Comedy",84662,"2013-10-11","Robert Rodriguez"
tt1204975,3,2016-06-24,"Last Vegas","Last Vegas",https://www.imdb.com/title/tt1204975,Movie,6.6,105,2013,"Comedy",139232,"2013-11-01","Jon Turteltaub"
tt1320253,3,2016-06-24,"The Expendables","The Expendables",https://www.imdb.com/title/tt1320253,Movie,6.4,103,2010,"Thriller, Action, Adventure",375349,"2010-08-13","Sylvester Stallone"
tt1083452,3,2016-06-24,"Eddie the Eagle","Eddie the Eagle",https://www.imdb.com/title/tt1083452,Movie,7.3,106,2015,"Sport, Drama, Biography, Comedy, Adventure, History",104997,"2016-02-26","Dexter Fletcher"
tt1426329,3,2016-06-24,"Lovelace","Lovelace",https://www.imdb.com/title/tt1426329,Movie,6.2,93,2013,"Biography, Drama",44055,"2013-08-08","Rob Epstein,Jeffrey Friedman"
tt0080736,3,2016-06-24,"The Final Countdown","The Final Countdown",https://www.imdb.com/title/tt0080736,Movie,6.7,103,1980,"Adventure, Sci-Fi, Action",28986,"1980-08-01","Don Taylor"
tt0463985,3,2016-06-24,"The Fast and the Furious: Tokyo Drift","The Fast and the Furious: Tokyo Drift",https://www.imdb.com/title/tt0463985,Movie,6.1,104,2006,"Action, Thriller, Crime",320882,"2006-06-16","Justin Lin"
tt1462758,3,2016-06-24,"Buried","Buried",https://www.imdb.com/title/tt1462758,Movie,7.0,95,2010,"Mystery, Thriller, Drama, Horror",174204,"2010-10-15","Rodrigo Cortés"
tt0816711,3,2016-06-24,"World War Z","World War Z",https://www.imdb.com/title/tt0816711,Movie,7.0,116,2013,"Action, Adventure, Horror, Sci-Fi",763111,"2013-06-21","Marc Forster"
tt1291150,3,2016-06-24,"Teenage Mutant Ninja Turtles","Teenage Mutant Ninja Turtles",https://www.imdb.com/title/tt1291150,Movie,5.8,101,2014,"Adventure, Comedy, Sci-Fi, Action, Crime, Fantasy",226718,"2014-08-08","Jonathan Liebesman"
tt0284837,3,2016-06-24,"Ali G Indahouse","Ali G Indahouse",https://www.imdb.com/title/tt0284837,Movie,6.2,87,2002,"Comedy",98547,"2002-03-22","Mark Mylod"
tt1860353,4,2016-06-24,"Turbo","Turbo",https://www.imdb.com/title/tt1860353,Movie,6.4,96,2013,"Animation, Family, Adventure, Comedy, Sport",120364,"2013-07-17","David Soren"
tt0293662,4,2016-06-24,"The Transporter","The Transporter",https://www.imdb.com/title/tt0293662,Movie,6.8,92,2002,"Crime, Thriller, Action",333122,"2002-10-11","Louis Leterrier,Corey Yuen"
tt3010660,4,2016-06-24,"Stromberg - Der Film","Stromberg - Der Film",https://www.imdb.com/title/tt3010660,Movie,7.3,123,2014,"Comedy",8756,"2014-02-20","Arne Feldhusen"
tt0945513,4,2016-06-24,"Source Code","Source Code",https://www.imdb.com/title/tt0945513,Movie,7.5,93,2011,"Sci-Fi, Thriller, Action, Drama, Mystery",572441,"2011-04-01","Duncan Jones"
tt0472181,4,2016-06-24,"The Smurfs","The Smurfs",https://www.imdb.com/title/tt0472181,Movie,5.4,103,2011,"Animation, Family, Fantasy, Comedy, Adventure",102112,"2011-07-29","Raja Gosnell"
tt1074638,4,2016-06-24,"Skyfall","Skyfall",https://www.imdb.com/title/tt1074638,Movie,7.8,143,2012,"Action, Thriller, Adventure",756991,"2012-11-09","Sam Mendes"
tt0105236,4,2016-06-24,"Reservoir Dogs","Reservoir Dogs",https://www.imdb.com/title/tt0105236,Movie,8.3,99,1992,"Crime, Thriller",1145086,"1992-09-02","Quentin Tarantino"
tt1114740,4,2016-06-24,"Paul Blart: Mall Cop","Paul Blart: Mall Cop",https://www.imdb.com/title/tt1114740,Movie,5.3,91,2009,"Comedy, Crime, Action, Family",122295,"2009-01-16","Steve Carr"
tt1092026,4,2016-06-24,"Paul","Paul",https://www.imdb.com/title/tt1092026,Movie,6.9,104,2011,"Comedy, Sci-Fi, Adventure",277056,"2011-03-18","Greg Mottola"
tt0107554,4,2016-06-24,"Menace II Society","Menace II Society",https://www.imdb.com/title/tt0107554,Movie,7.5,97,1993,"Thriller, Crime, Drama",68156,"1993-05-26","Albert Hughes,Allen Hughes"
tt0472399,4,2016-06-24,"The Mechanic","The Mechanic",https://www.imdb.com/title/tt0472399,Movie,6.5,93,2011,"Action, Thriller, Crime",179964,"2011-01-28","Simon West"
tt0351283,4,2016-06-24,"Madagascar","Madagascar",https://www.imdb.com/title/tt0351283,Movie,6.9,86,2005,"Animation, Family, Comedy, Adventure",465177,"2005-05-27","Eric Darnell,Tom McGrath"
tt0311429,4,2016-06-24,"The League of Extraordinary Gentlemen","The League of Extraordinary Gentlemen",https://www.imdb.com/title/tt0311429,Movie,5.8,110,2003,"Fantasy, Adventure, Sci-Fi, Action",189571,"2003-07-11","Stephen Norrington"
tt1650554,4,2016-06-24,"Kick-Ass 2","Kick-Ass 2",https://www.imdb.com/title/tt1650554,Movie,6.5,103,2013,"Action, Comedy, Crime, Thriller, Drama",296911,"2013-08-16","Jeff Wadlow"
tt2357129,4,2016-06-24,"Jobs","Jobs",https://www.imdb.com/title/tt2357129,Movie,6.0,128,2013,"Drama, Biography",106057,"2013-08-16","Joshua Michael Stern"
tt0418763,4,2016-06-24,"Jarhead","Jarhead",https://www.imdb.com/title/tt0418763,Movie,7.0,125,2005,"Drama, War, Biography",218951,"2005-11-04","Sam Mendes"
tt0399201,4,2016-06-24,"The Island","The Island",https://www.imdb.com/title/tt0399201,Movie,6.8,136,2005,"Sci-Fi, Thriller, Action",336163,"2005-07-22","Michael Bay"
tt1300854,4,2016-06-24,"Iron Man 3","Iron Man Three",https://www.imdb.com/title/tt1300854,Movie,7.1,130,2013,"Action, Adventure, Sci-Fi",943728,"2013-05-03","Shane Black"
tt0317705,4,2016-06-24,"The Incredibles","The Incredibles",https://www.imdb.com/title/tt0317705,Movie,8.0,115,2004,"Animation, Action, Adventure, Family",870807,"2004-11-05","Brad Bird"
tt0947810,4,2016-06-24,"Green Zone","Green Zone",https://www.imdb.com/title/tt0947810,Movie,6.8,115,2010,"Drama, War, Action, Thriller",146095,"2010-03-12","Paul Greengrass"
tt0139239,4,2016-06-24,"Go","Go",https://www.imdb.com/title/tt0139239,Movie,7.2,102,1999,"Crime, Comedy",78390,"1999-04-09","Doug Liman"
tt2713180,4,2016-06-24,"Fury","Fury",https://www.imdb.com/title/tt2713180,Movie,7.6,134,2014,"Action, Drama, War",588964,"2014-10-17","David Ayer"
tt0195714,4,2016-06-24,"Final Destination","Final Destination",https://www.imdb.com/title/tt0195714,Movie,6.7,98,2000,"Thriller, Horror",322680,"2000-03-17","James Wong"
tt0232500,4,2016-06-24,"The Fast and the Furious","The Fast and the Furious",https://www.imdb.com/title/tt0232500,Movie,6.8,106,2001,"Crime, Thriller, Action",444140,"2001-06-22","Rob Cohen"
tt0120667,4,2016-06-24,"Fantastic Four","Fantastic Four",https://www.imdb.com/title/tt0120667,Movie,5.7,106,2005,"Adventure, Fantasy, Sci-Fi, Action",367042,"2005-07-08","Tim Story"
tt0489049,4,2016-06-24,"Fanboys","Fanboys",https://www.imdb.com/title/tt0489049,Movie,6.5,90,2009,"Comedy, Adventure, Crime",62550,"2009-02-13","Kyle Newman"
tt1764651,4,2016-06-24,"The Expendables 2","The Expendables 2",https://www.imdb.com/title/tt1764651,Movie,6.6,103,2012,"Action, Thriller, Adventure",330772,"2012-08-17","Simon West"
tt1054580,4,2016-06-24,"Desert Flower","Desert Flower",https://www.imdb.com/title/tt1054580,Movie,7.3,120,2009,"Drama, Biography",15058,"2009-09-24","Sherry Hormann"
tt0452608,4,2016-06-24,"Death Race","Death Race",https://www.imdb.com/title/tt0452608,Movie,6.4,105,2008,"Action, Thriller, Sci-Fi",225591,"2008-08-22","Paul W.S. Anderson"
tt0479884,4,2016-06-24,"Crank","Crank",https://www.imdb.com/title/tt0479884,Movie,6.9,88,2006,"Action, Crime, Thriller",273464,"2006-09-01","Mark Neveldine,Brian Taylor"
tt1385867,4,2016-06-24,"Cop Out","Cop Out",https://www.imdb.com/title/tt1385867,Movie,5.5,107,2010,"Comedy, Crime, Action, Mystery",91878,"2010-02-26","Kevin Smith"
tt0844471,4,2016-06-24,"Cloudy with a Chance of Meatballs","Cloudy with a Chance of Meatballs",https://www.imdb.com/title/tt0844471,Movie,6.9,90,2009,"Animation, Family, Comedy, Sci-Fi, Adventure, Fantasy",276795,"2009-09-18","Phil Lord,Christopher Miller"
tt0120630,4,2016-06-24,"Chicken Run","Chicken Run",https://www.imdb.com/title/tt0120630,Movie,7.1,84,2000,"Animation, Adventure, Drama, Comedy, Family",221036,"2000-06-23","Peter Lord,Nick Park"
tt1216475,4,2016-06-24,"Cars 2","Cars 2",https://www.imdb.com/title/tt1216475,Movie,6.2,106,2011,"Animation, Comedy, Adventure, Family, Sport, Crime, Sci-Fi",242954,"2011-06-24","John Lasseter,Bradford Lewis"
tt2179136,4,2016-06-24,"American Sniper","American Sniper",https://www.imdb.com/title/tt2179136,Movie,7.3,133,2014,"Action, Biography, War, Drama",556772,"2015-01-16","Clint Eastwood"
tt0472033,4,2016-06-24,"9","9",https://www.imdb.com/title/tt0472033,Movie,7.0,79,2009,"Animation, Adventure, Sci-Fi, Action, Drama, Thriller, Fantasy",154298,"2009-09-09","Shane Acker"
tt2024544,4,2016-06-24,"12 Years a Slave","12 Years a Slave",https://www.imdb.com/title/tt2024544,Movie,8.1,134,2013,"Drama, History, Biography",771464,"2013-11-08","Steve McQueen"
tt0113540,5,2016-06-24,"Kids","Kids",https://www.imdb.com/title/tt0113540,Movie,7.0,91,1995,"Drama",89638,"1995-09-01","Larry Clark"
tt0489099,5,2016-06-24,"Jumper","Jumper",https://www.imdb.com/title/tt0489099,Movie,6.1,88,2008,"Adventure, Sci-Fi, Thriller, Action",333797,"2008-02-14","Doug Liman"
tt0389860,5,2016-06-24,"Click","Click",https://www.imdb.com/title/tt0389860,Movie,6.4,107,2006,"Comedy, Drama, Romance, Fantasy",376987,"2006-06-23","Frank Coraci"
tt0211946,5,2016-06-24,"Berlin Calling","Berlin Calling",https://www.imdb.com/title/tt0211946,Movie,7.2,109,2008,"Comedy, Drama, Music",15658,"2008-10-02","Hannes Stöhr"
tt0357413,5,2016-06-24,"Anchorman: The Legend of Ron Burgundy","Anchorman: The Legend of Ron Burgundy",https://www.imdb.com/title/tt0357413,Movie,7.1,94,2004,"Comedy",394037,"2004-07-09","Adam McKay"
tt1156398,5,2016-06-24,"Zombieland","Zombieland",https://www.imdb.com/title/tt1156398,Movie,7.5,88,2009,"Comedy, Action, Horror",651927,"2009-10-02","Ruben Fleischer"
tt2980516,5,2016-06-24,"The Theory of Everything","The Theory of Everything",https://www.imdb.com/title/tt2980516,Movie,7.7,123,2014,"Drama, Biography, Romance",501324,"2014-11-26","James Marsh"
tt0408236,5,2016-06-24,"Sweeney Todd: The Demon Barber of Fleet Street","Sweeney Todd: The Demon Barber of Fleet Street",https://www.imdb.com/title/tt0408236,Movie,7.3,116,2007,"Musical, Drama, Thriller, Horror",400443,"2007-12-21","Tim Burton"
tt0986263,5,2016-06-24,"Surrogates","Surrogates",https://www.imdb.com/title/tt0986263,Movie,6.3,89,2009,"Action, Sci-Fi, Thriller",183530,"2009-09-25","Jonathan Mostow"
tt0458481,5,2016-06-24,"Sin City: A Dame to Kill For","Sin City: A Dame to Kill For",https://www.imdb.com/title/tt0458481,Movie,6.5,102,2014,"Crime, Thriller, Action",176221,"2014-08-22","Frank Miller,Robert Rodriguez"
tt0234215,5,2016-06-24,"The Matrix Reloaded","The Matrix Reloaded",https://www.imdb.com/title/tt0234215,Movie,7.2,138,2003,"Action, Sci-Fi",657858,"2003-05-15","Lana Wachowski,Lilly Wachowski"
tt1416801,5,2016-06-24,"Kill the Irishman","Kill the Irishman",https://www.imdb.com/title/tt1416801,Movie,7.0,106,2011,"Crime, Drama, Biography, Action",53903,"2012-05-11","Jonathan Hensleigh"
tt0256103,5,2016-06-24,"Intimacy","Intimacy",https://www.imdb.com/title/tt0256103,Movie,6.0,119,2001,"Romance, Drama",13816,"2001-03-28","Patrice Chéreau"
tt2361509,5,2016-06-24,"The Intern","The Intern",https://www.imdb.com/title/tt2361509,Movie,7.1,121,2015,"Comedy, Drama",300141,"2015-09-25","Nancy Meyers"
tt1791528,5,2016-06-24,"Inherent Vice","Inherent Vice",https://www.imdb.com/title/tt1791528,Movie,6.6,148,2014,"Crime, Drama, Mystery, Comedy, Romance",115457,"2015-01-09","Paul Thomas Anderson"
tt1540133,5,2016-06-24,"The Guard","The Guard",https://www.imdb.com/title/tt1540133,Movie,7.3,96,2011,"Thriller, Comedy, Crime",99818,"2011-07-07","John Michael McDonagh"
tt1323594,5,2016-06-24,"Despicable Me","Despicable Me",https://www.imdb.com/title/tt1323594,Movie,7.6,95,2010,"Animation, Family, Comedy, Sci-Fi, Crime, Adventure",617219,"2010-07-09","Pierre Coffin,Chris Renaud"
tt0080455,5,2016-06-24,"The Blues Brothers","The Blues Brothers",https://www.imdb.com/title/tt0080455,Movie,7.9,133,1980,"Musical, Adventure, Crime, Music, Comedy",224546,"1980-06-20","John Landis"
tt0277434,5,2016-06-24,"We Were Soldiers","We Were Soldiers",https://www.imdb.com/title/tt0277434,Movie,7.2,138,2002,"History, Drama, War, Action",156930,"2002-03-01","Randall Wallace"
tt1637725,5,2016-06-24,"Ted","Ted",https://www.imdb.com/title/tt1637725,Movie,6.9,106,2012,"Comedy",692925,"2012-06-29","Seth MacFarlane"
tt0409345,5,2016-06-24,"Surveillance","Surveillance",https://www.imdb.com/title/tt0409345,Movie,6.3,97,2008,"Crime, Drama, Thriller, Mystery",18871,"2008-07-31","Jennifer Lynch"
tt1956620,5,2016-06-24,"Sex Tape","Sex Tape",https://www.imdb.com/title/tt1956620,Movie,5.1,94,2014,"Comedy, Romance",121527,"2014-07-18","Jake Kasdan"
tt0053125,5,2016-06-24,"North by Northwest","North by Northwest",https://www.imdb.com/title/tt0053125,Movie,8.3,136,1959,"Mystery, Adventure, Drama, Thriller",363637,"1959-12-18","Alfred Hitchcock"
tt0181689,5,2016-06-24,"Minority Report","Minority Report",https://www.imdb.com/title/tt0181689,Movie,7.6,145,2002,"Crime, Sci-Fi, Mystery, Thriller, Action",608806,"2002-06-21","Steven Spielberg"
tt3774694,5,2016-06-24,"Love","Love",https://www.imdb.com/title/tt3774694,Movie,6.1,135,2015,"Drama, Romance",72198,"2015-10-30","Gaspar Noé"
tt1343092,5,2016-06-24,"The Great Gatsby","The Great Gatsby",https://www.imdb.com/title/tt1343092,Movie,7.2,143,2013,"Drama, Romance",627250,"2013-05-10","Baz Luhrmann"
tt1028528,5,2016-06-24,"Death Proof","Death Proof",https://www.imdb.com/title/tt1028528,Movie,7.0,127,2007,"Thriller, Drama",327478,"2007-05-31","Quentin Tarantino"
tt0034583,5,2016-06-24,"Casablanca","Casablanca",https://www.imdb.com/title/tt0034583,Movie,8.5,102,1942,"Romance, War, Drama",639361,"1943-01-23","Michael Curtiz"
tt0112442,5,2016-06-24,"Bad Boys","Bad Boys",https://www.imdb.com/title/tt0112442,Movie,6.8,119,1995,"Crime, Thriller, Comedy, Action",308540,"1995-04-07","Michael Bay"
tt1772341,6,2016-06-24,"Wreck-It Ralph","Wreck-It Ralph",https://www.imdb.com/title/tt1772341,Movie,7.7,101,2012,"Animation, Comedy, Family, Adventure, Fantasy, Sci-Fi, Sport",485762,"2012-11-02","Rich Moore"
tt0359950,6,2016-06-24,"The Secret Life of Walter Mitty","The Secret Life of Walter Mitty",https://www.imdb.com/title/tt0359950,Movie,7.3,114,2013,"Drama, Fantasy, Romance, Adventure, Comedy",360826,"2013-12-25","Ben Stiller"
tt2381249,6,2016-06-24,"Mission: Impossible - Rogue Nation","Mission: Impossible - Rogue Nation",https://www.imdb.com/title/tt2381249,Movie,7.4,131,2015,"Action, Adventure, Thriller",437029,"2015-07-31","Christopher McQuarrie"
tt3235888,6,2016-06-24,"It Follows","It Follows",https://www.imdb.com/title/tt3235888,Movie,6.8,100,2014,"Horror, Mystery, Thriller",290787,"2015-03-13","David Robert Mitchell"
tt0067927,6,2016-06-24,"Vanishing Point","Vanishing Point",https://www.imdb.com/title/tt0067927,Movie,7.2,99,1971,"Thriller, Crime, Action",31873,"1971-03-13","Richard C. Sarafian"
tt1193138,6,2016-06-24,"Up in the Air","Up in the Air",https://www.imdb.com/title/tt1193138,Movie,7.4,109,2009,"Drama, Romance, Comedy",356940,"2009-12-23","Jason Reitman"
tt0914863,6,2016-06-24,"Unthinkable","Unthinkable",https://www.imdb.com/title/tt0914863,Movie,7.0,97,2010,"Drama, Thriller, Crime",98457,"2010-05-26","Gregor Jordan"
tt0418279,6,2016-06-24,"Transformers","Transformers",https://www.imdb.com/title/tt0418279,Movie,7.1,144,2007,"Action, Sci-Fi, Adventure",703926,"2007-07-03","Michael Bay"
tt0086190,6,2016-06-24,"Star Wars: Episode VI - Return of the Jedi","Star Wars: Episode VI - Return of the Jedi",https://www.imdb.com/title/tt0086190,Movie,8.3,131,1983,"Sci-Fi, Adventure, Action, Fantasy",1180203,"1983-05-25","Richard Marquand"
tt0121765,6,2016-06-24,"Star Wars: Episode II - Attack of the Clones","Star Wars: Episode II - Attack of the Clones",https://www.imdb.com/title/tt0121765,Movie,6.6,142,2002,"Fantasy, Sci-Fi, Adventure, Action",800931,"2002-05-16","George Lucas"
tt0120915,6,2016-06-24,"Star Wars: Episode I - The Phantom Menace","Star Wars: Episode I - The Phantom Menace",https://www.imdb.com/title/tt0120915,Movie,6.5,136,1999,"Fantasy, Sci-Fi, Adventure, Action",904735,"1999-05-19","George Lucas"
tt0462538,6,2016-06-24,"The Simpsons Movie","The Simpsons Movie",https://www.imdb.com/title/tt0462538,Movie,7.3,87,2007,"Animation, Comedy, Adventure",359318,"2007-07-27","David Silverman"
tt0375063,6,2016-06-24,"Sideways","Sideways",https://www.imdb.com/title/tt0375063,Movie,7.5,127,2004,"Comedy, Drama, Romance",213176,"2004-10-22","Alexander Payne"
tt0387564,6,2016-06-24,"Saw","Saw",https://www.imdb.com/title/tt0387564,Movie,7.6,103,2004,"Mystery, Horror, Thriller",496522,"2004-10-29","James Wan"
tt3170832,6,2016-06-24,"Room","Room",https://www.imdb.com/title/tt3170832,Movie,8.1,118,2015,"Drama, Thriller",472182,"2016-01-22","Lenny Abrahamson"
tt0976051,6,2016-06-24,"The Reader","The Reader",https://www.imdb.com/title/tt0976051,Movie,7.6,124,2008,"Drama, Romance, Mystery",270421,"2009-01-30","Stephen Daldry"
tt0133093,6,2016-06-24,"The Matrix","The Matrix",https://www.imdb.com/title/tt0133093,Movie,8.7,136,1999,"Action, Sci-Fi",2184566,"1999-03-31","Lana Wachowski,Lilly Wachowski"
tt0290673,6,2016-06-24,"Irreversible","Irréversible",https://www.imdb.com/title/tt0290673,Movie,7.3,97,2002,"Crime, Mystery, Drama, Thriller",158059,"2002-05-22","Gaspar Noé"
tt0816692,6,2016-06-24,"Interstellar","Interstellar",https://www.imdb.com/title/tt0816692,Movie,8.7,169,2014,"Sci-Fi, Adventure, Drama",2400913,"2014-11-07","Christopher Nolan"
tt1119646,6,2016-06-24,"The Hangover","The Hangover",https://www.imdb.com/title/tt1119646,Movie,7.7,100,2009,"Comedy",900884,"2009-06-05","Todd Phillips"
tt0475290,6,2016-06-24,"Hail, Caesar!","Hail, Caesar!",https://www.imdb.com/title/tt0475290,Movie,6.3,106,2016,"Comedy, Mystery, Drama",147614,"2016-02-05","Ethan Coen,Joel Coen"
tt0119174,6,2016-06-24,"The Game","The Game",https://www.imdb.com/title/tt0119174,Movie,7.7,129,1997,"Drama, Thriller, Mystery",458487,"1997-09-12","David Fincher"
tt1201167,6,2016-06-24,"Funny People","Funny People",https://www.imdb.com/title/tt1201167,Movie,6.3,146,2009,"Comedy, Drama",126271,"2009-07-31","Judd Apatow"
tt1136608,6,2016-06-24,"District 9","District 9",https://www.imdb.com/title/tt1136608,Movie,7.9,112,2009,"Sci-Fi, Action, Thriller",740983,"2009-08-14","Neill Blomkamp"
tt0317248,6,2016-06-24,"City of God","Cidade de Deus",https://www.imdb.com/title/tt0317248,Movie,8.6,130,2002,"Drama, Crime",848189,"2004-02-13","Fernando Meirelles,Kátia Lund"
tt0450259,6,2016-06-24,"Blood Diamond","Blood Diamond",https://www.imdb.com/title/tt0450259,Movie,8.0,143,2006,"Drama, Adventure, Thriller",613506,"2006-12-08","Edward Zwick"
tt1095217,6,2016-06-24,"Bad Lieutenant: Port of Call New Orleans","The Bad Lieutenant: Port of Call - New Orleans",https://www.imdb.com/title/tt1095217,Movie,6.6,122,2009,"Crime, Drama, Mystery",83573,"2009-12-11","Werner Herzog"
tt0144084,6,2016-06-24,"American Psycho","American Psycho",https://www.imdb.com/title/tt0144084,Movie,7.6,102,2000,"Crime, Horror, Drama",797336,"2000-04-14","Mary Harron"
tt0298203,6,2016-06-24,"8 Mile","8 Mile",https://www.imdb.com/title/tt0298203,Movie,7.2,110,2002,"Music, Drama",343017,"2002-11-08","Curtis Hanson"
tt0331811,6,2016-06-24,"11:14","11:14",https://www.imdb.com/title/tt0331811,Movie,7.1,86,2003,"Crime, Drama, Mystery, Thriller, Comedy",51722,"2004-08-20","Greg Marcks"
tt3488710,7,2016-06-24,"The Walk","The Walk",https://www.imdb.com/title/tt3488710,Movie,7.3,123,2015,"Adventure, Biography, Drama",139744,"2015-10-09","Robert Zemeckis"
tt1650062,7,2016-06-24,"Super 8","Super 8",https://www.imdb.com/title/tt1650062,Movie,7.0,112,2011,"Sci-Fi, Thriller, Action",376260,"2011-06-10","J.J. Abrams"
tt0978764,7,2016-06-24,"Sucker Punch","Sucker Punch",https://www.imdb.com/title/tt0978764,Movie,6.1,110,2011,"Fantasy, Action, Adventure, Thriller",258313,"2011-03-25","Zack Snyder"
tt1515091,7,2016-06-24,"Sherlock Holmes: A Game of Shadows","Sherlock Holmes: A Game of Shadows",https://www.imdb.com/title/tt1515091,Movie,7.4,129,2011,"Mystery, Action, Adventure",495599,"2011-12-16","Guy Ritchie"
tt2872718,7,2016-06-24,"Nightcrawler","Nightcrawler",https://www.imdb.com/title/tt2872718,Movie,7.8,117,2014,"Crime, Thriller, Drama",647197,"2014-10-31","Dan Gilroy"
tt0110632,7,2016-06-24,"Natural Born Killers","Natural Born Killers",https://www.imdb.com/title/tt0110632,Movie,7.2,119,1994,"Romance, Crime",262749,"1994-08-26","Oliver Stone"
tt0405159,7,2016-06-24,"Million Dollar Baby","Million Dollar Baby",https://www.imdb.com/title/tt0405159,Movie,8.1,132,2004,"Drama, Sport",752951,"2005-01-28","Clint Eastwood"
tt2692904,7,2016-06-24,"Locke","Locke",https://www.imdb.com/title/tt2692904,Movie,7.1,85,2013,"Drama",165927,"2014-04-18","Steven Knight"
tt0120735,7,2016-06-24,"Lock, Stock and Two Smoking Barrels","Lock, Stock and Two Smoking Barrels",https://www.imdb.com/title/tt0120735,Movie,8.1,107,1998,"Crime, Comedy",640117,"1998-08-28","Guy Ritchie"
tt3464902,7,2016-06-24,"The Lobster","The Lobster",https://www.imdb.com/title/tt3464902,Movie,7.1,119,2015,"Romance, Sci-Fi, Drama, Thriller",323211,"2015-10-16","Yorgos Lanthimos"
tt0369610,7,2016-06-24,"Jurassic World","Jurassic World",https://www.imdb.com/title/tt0369610,Movie,6.9,124,2015,"Adventure, Sci-Fi, Action",714329,"2015-06-12","Colin Trevorrow"
tt4973112,7,2016-06-24,"Hitting the Apex","Hitting the Apex",https://www.imdb.com/title/tt4973112,Movie,8.1,138,2015,"Documentary, Sport",4343,"2015-09-23","Mark Neale"
tt0095016,7,2016-06-24,"Die Hard","Die Hard",https://www.imdb.com/title/tt0095016,Movie,8.2,132,1988,"Thriller, Action",1000306,"1988-07-20","John McTiernan"
tt0838221,7,2016-06-24,"The Darjeeling Limited","The Darjeeling Limited",https://www.imdb.com/title/tt0838221,Movie,7.2,91,2007,"Adventure, Drama, Comedy",226674,"2007-10-26","Wes Anderson"
tt2883512,7,2016-06-24,"Chef","Chef",https://www.imdb.com/title/tt2883512,Movie,7.3,114,2014,"Comedy, Drama, Adventure",245126,"2014-05-30","Jon Favreau"
tt3682448,7,2016-06-24,"Bridge of Spies","Bridge of Spies",https://www.imdb.com/title/tt3682448,Movie,7.6,142,2015,"Drama, Thriller, History, War",339185,"2015-10-16","Steven Spielberg"
tt1024648,7,2016-06-24,"Argo","Argo",https://www.imdb.com/title/tt1024648,Movie,7.7,120,2012,"Thriller, Drama, Biography, History",656511,"2012-10-12","Ben Affleck"
tt0765429,7,2016-06-24,"American Gangster","American Gangster",https://www.imdb.com/title/tt0765429,Movie,7.8,157,2007,"Drama, Crime, Biography",476389,"2007-11-02","Ridley Scott"
tt1067583,8,2016-06-24,"Water for Elephants","Water for Elephants",https://www.imdb.com/title/tt1067583,Movie,6.9,120,2011,"Drama, Romance",122905,"2011-04-22","Francis Lawrence"
tt0120815,8,2016-06-24,"Saving Private Ryan","Saving Private Ryan",https://www.imdb.com/title/tt0120815,Movie,8.6,169,1998,"Drama, War",1591079,"1998-07-24","Steven Spielberg"
tt0151804,8,2016-06-24,"Office Space","Office Space",https://www.imdb.com/title/tt0151804,Movie,7.6,89,1999,"Comedy",302247,"1999-02-19","Mike Judge"
tt0095647,8,2016-06-24,"Mississippi Burning","Mississippi Burning",https://www.imdb.com/title/tt0095647,Movie,7.8,128,1988,"Thriller, Mystery, Crime, Drama",124119,"1989-01-27","Alan Parker"
tt3659388,8,2016-06-24,"The Martian","The Martian",https://www.imdb.com/title/tt3659388,Movie,8.0,144,2015,"Sci-Fi, Adventure, Drama",979762,"2015-10-02","Ridley Scott"
tt0049470,8,2016-06-24,"The Man Who Knew Too Much","The Man Who Knew Too Much",https://www.imdb.com/title/tt0049470,Movie,7.4,120,1956,"Mystery, Drama, Crime, Thriller",74333,"1956-06-01","Alfred Hitchcock"
tt2096673,8,2016-06-24,"Inside Out","Inside Out",https://www.imdb.com/title/tt2096673,Movie,8.1,95,2015,"Animation, Comedy, Family, Adventure, Drama, Fantasy",883066,"2015-06-19","Pete Docter,Ronnie Del Carmen"
tt1205489,8,2016-06-24,"Gran Torino","Gran Torino",https://www.imdb.com/title/tt1205489,Movie,8.1,116,2008,"Drama",846938,"2009-01-09","Clint Eastwood"
tt0116282,8,2016-06-24,"Fargo","Fargo",https://www.imdb.com/title/tt0116282,Movie,8.1,98,1996,"Drama, Thriller, Crime",764691,"1996-04-05","Joel Coen,Ethan Coen"
tt0363589,8,2016-06-24,"Elephant","Elephant",https://www.imdb.com/title/tt0363589,Movie,7.1,81,2003,"Drama, Crime, Thriller",101916,"2003-11-14","Gus Van Sant"
tt0246578,8,2016-06-24,"Donnie Darko","Donnie Darko",https://www.imdb.com/title/tt0246578,Movie,8.0,113,2001,"Sci-Fi, Thriller, Mystery, Drama",891851,"2001-01-19","Richard Kelly"
tt0097165,8,2016-06-24,"Dead Poets Society","Dead Poets Society",https://www.imdb.com/title/tt0097165,Movie,8.1,128,1989,"Comedy, Drama",609217,"1989-06-09","Peter Weir"
tt2545118,8,2016-06-24,"Blackfish","Blackfish",https://www.imdb.com/title/tt2545118,Movie,8.1,83,2013,"Documentary, Drama, Thriller",75485,"2013-07-26","Gabriela Cowperthwaite"
tt0118715,8,2016-06-24,"The Big Lebowski","The Big Lebowski",https://www.imdb.com/title/tt0118715,Movie,8.1,117,1998,"Crime, Comedy",899362,"1998-03-06","Joel Coen,Ethan Coen"
tt2948356,8,2016-06-24,"Zootopia","Zootopia",https://www.imdb.com/title/tt2948356,Movie,8.0,108,2016,"Animation, Crime, Action, Mystery, Adventure, Family, Comedy",591082,"2016-03-04","Byron Howard,Rich Moore,Jared Bush"
tt0052357,8,2016-06-24,"Vertigo","Vertigo",https://www.imdb.com/title/tt0052357,Movie,8.2,128,1958,"Romance, Thriller, Mystery",450246,"1958-05-28","Alfred Hitchcock"
tt0840361,8,2016-06-24,"The Town","The Town",https://www.imdb.com/title/tt0840361,Movie,7.5,125,2010,"Drama, Thriller, Crime",437255,"2010-09-17","Ben Affleck"
tt0469494,8,2016-06-24,"There Will Be Blood","There Will Be Blood",https://www.imdb.com/title/tt0469494,Movie,8.2,158,2007,"Drama",681750,"2008-01-25","Paul Thomas Anderson"
tt0340377,8,2016-06-24,"The Station Agent","The Station Agent",https://www.imdb.com/title/tt0340377,Movie,7.6,89,2003,"Comedy, Drama",77159,"2003-12-05","Tom McCarthy"
tt1979320,8,2016-06-24,"Rush","Rush",https://www.imdb.com/title/tt1979320,Movie,8.1,123,2013,"Biography, Sport, Drama",544316,"2013-09-27","Ron Howard"
tt1241325,8,2016-06-24,"Objectified","Objectified",https://www.imdb.com/title/tt1241325,Movie,7.0,75,2009,"Documentary",3775,"2009-05-22","Gary Hustwit"
tt0071853,8,2016-06-24,"Monty Python and the Holy Grail","Monty Python and the Holy Grail",https://www.imdb.com/title/tt0071853,Movie,8.2,91,1975,"Adventure, Fantasy, Comedy",593416,"1975-07-18","Terry Gilliam,Terry Jones"
tt0120737,8,2016-06-24,"The Lord of the Rings: The Fellowship of the Ring","The Lord of the Rings: The Fellowship of the Ring",https://www.imdb.com/title/tt0120737,Movie,8.9,178,2001,"Drama, Adventure, Fantasy",2138133,"2001-12-19","Peter Jackson"
tt1490017,8,2016-06-24,"The Lego Movie","The Lego Movie",https://www.imdb.com/title/tt1490017,Movie,7.7,100,2014,"Animation, Comedy, Family, Adventure, Fantasy, Sci-Fi, Action",406639,"2014-02-07","Phil Lord,Christopher Miller"
tt1250777,8,2016-06-24,"Kick-Ass","Kick-Ass",https://www.imdb.com/title/tt1250777,Movie,7.6,117,2010,"Comedy, Action, Crime",613277,"2010-04-16","Matthew Vaughn"
tt0780536,8,2016-06-24,"In Bruges","In Bruges",https://www.imdb.com/title/tt0780536,Movie,7.9,107,2008,"Crime, Drama, Comedy, Thriller",483594,"2008-02-29","Martin McDonagh"
tt2084970,8,2016-06-24,"The Imitation Game","The Imitation Game",https://www.imdb.com/title/tt2084970,Movie,8.0,114,2014,"Drama, Biography, Thriller, War",861290,"2014-12-25","Morten Tyldum"
tt1454468,8,2016-06-24,"Gravity","Gravity",https://www.imdb.com/title/tt1454468,Movie,7.7,91,2013,"Sci-Fi, Thriller, Drama",887570,"2013-10-04","Alfonso Cuarón"
tt0097239,8,2016-06-24,"Driving Miss Daisy","Driving Miss Daisy",https://www.imdb.com/title/tt0097239,Movie,7.3,99,1989,"Comedy, Drama",122046,"1990-01-26","Bruce Beresford"
tt0947798,8,2016-06-24,"Black Swan","Black Swan",https://www.imdb.com/title/tt0947798,Movie,8.0,108,2010,"Drama, Thriller",868927,"2010-12-17","Darren Aronofsky"
tt0469021,8,2016-06-24,"Alan Partridge","Alan Partridge: Alpha Papa",https://www.imdb.com/title/tt0469021,Movie,6.9,90,2013,"Comedy, Crime, Action",33672,"2014-02-27","Declan Lowney"
tt0875113,8,2016-06-24,"99 Francs","99 francs",https://www.imdb.com/title/tt0875113,Movie,7.1,100,2007,"Comedy, Drama",21375,"2007-09-26","Jan Kounen,Laurent Lafran,Bruno Vatin"
tt2582802,9,2016-06-24,"Whiplash","Whiplash",https://www.imdb.com/title/tt2582802,Movie,8.5,106,2014,"Drama, Music",1097544,"2014-10-15","Damien Chazelle"
tt1049413,9,2016-06-24,"Up","Up",https://www.imdb.com/title/tt1049413,Movie,8.3,96,2009,"Animation, Family, Adventure, Comedy, Drama",1199938,"2009-05-29","Pete Docter,Bob Peterson"
tt0117951,9,2016-06-24,"Trainspotting","Trainspotting",https://www.imdb.com/title/tt0117951,Movie,8.1,93,1996,"Crime, Drama",756240,"1996-08-09","Danny Boyle"
tt0076759,9,2016-06-24,"Star Wars: Episode IV - A New Hope","Star Wars",https://www.imdb.com/title/tt0076759,Movie,8.6,121,1977,"Sci-Fi, Adventure, Fantasy, Action",1530280,"1977-05-25","George Lucas"
tt3397884,9,2016-06-24,"Sicario","Sicario",https://www.imdb.com/title/tt3397884,Movie,7.7,121,2015,"Drama, Crime, Mystery, Thriller, Action",517302,"2015-10-02","Denis Villeneuve"
tt0086250,9,2016-06-24,"Scarface","Scarface",https://www.imdb.com/title/tt0086250,Movie,8.3,170,1983,"Crime, Drama",983198,"1983-12-09","Brian De Palma"
tt1748122,9,2016-06-24,"Moonrise Kingdom","Moonrise Kingdom",https://www.imdb.com/title/tt1748122,Movie,7.8,94,2012,"Drama, Comedy, Romance, Adventure, Fantasy",377690,"2012-06-29","Wes Anderson"
tt0119488,9,2016-06-24,"L.A. Confidential","L.A. Confidential",https://www.imdb.com/title/tt0119488,Movie,8.2,138,1997,"Crime, Drama, Thriller, Mystery",647283,"1997-09-19","Curtis Hanson"
tt0993842,9,2016-06-24,"Hanna","Hanna",https://www.imdb.com/title/tt0993842,Movie,6.7,111,2011,"Thriller, Action, Drama, Adventure",212476,"2011-04-08","Joe Wright"
tt0468569,9,2016-06-24,"The Dark Knight","The Dark Knight",https://www.imdb.com/title/tt0468569,Movie,9.1,152,2008,"Drama, Crime, Thriller, Action",3069859,"2008-07-18","Christopher Nolan"
tt0993846,9,2016-06-24,"The Wolf of Wall Street","The Wolf of Wall Street",https://www.imdb.com/title/tt0993846,Movie,8.2,180,2013,"Crime, Drama, Biography, Comedy",1717674,"2013-12-25","Martin Scorsese"
tt0075314,9,2016-06-24,"Taxi Driver","Taxi Driver",https://www.imdb.com/title/tt0075314,Movie,8.2,114,1976,"Crime, Drama",994544,"1976-02-09","Martin Scorsese"
tt1895587,9,2016-06-24,"Spotlight","Spotlight",https://www.imdb.com/title/tt1895587,Movie,8.1,129,2015,"Drama, Crime, Biography",524281,"2015-11-20","Tom McCarthy"
tt0401792,9,2016-06-24,"Sin City","Sin City",https://www.imdb.com/title/tt0401792,Movie,8.0,124,2005,"Crime, Thriller",812434,"2005-04-01","Frank Miller,Quentin Tarantino,Robert Rodriguez"
tt0081505,9,2016-06-24,"The Shining","The Shining",https://www.imdb.com/title/tt0081505,Movie,8.4,146,1980,"Drama, Horror",1183610,"1980-06-13","Stanley Kubrick"
tt0253474,9,2016-06-24,"The Pianist","The Pianist",https://www.imdb.com/title/tt0253474,Movie,8.5,150,2002,"Biography, Music, Drama, War",982327,"2003-03-28","Roman Polanski"
tt1375666,9,2016-06-24,"Inception","Inception",https://www.imdb.com/title/tt1375666,Movie,8.8,148,2010,"Sci-Fi, Thriller, Action, Adventure",2726839,"2010-07-16","Christopher Nolan"
tt1798709,9,2016-06-24,"Her","Her",https://www.imdb.com/title/tt1798709,Movie,8.0,126,2013,"Romance, Sci-Fi, Drama",710459,"2014-01-10","Spike Jonze"
tt3460252,9,2016-06-24,"The Hateful Eight","The Hateful Eight",https://www.imdb.com/title/tt3460252,Movie,7.8,168,2015,"Western, Drama, Thriller, Mystery, Crime",702233,"2015-12-30","Quentin Tarantino"
tt0093105,9,2016-06-24,"Good Morning, Vietnam","Good Morning, Vietnam",https://www.imdb.com/title/tt0093105,Movie,7.3,121,1987,"Biography, Drama, War, Comedy",161719,"1988-01-15","Barry Levinson"
tt2267998,9,2016-06-24,"Gone Girl","Gone Girl",https://www.imdb.com/title/tt2267998,Movie,8.1,149,2014,"Thriller, Drama, Mystery",1136551,"2014-10-03","David Fincher"
tt0068646,9,2016-06-24,"The Godfather","The Godfather",https://www.imdb.com/title/tt0068646,Movie,9.2,175,1972,"Crime, Drama",2157104,"1972-03-24","Francis Ford Coppola"
tt0093058,9,2016-06-24,"Full Metal Jacket","Full Metal Jacket",https://www.imdb.com/title/tt0093058,Movie,8.2,116,1987,"Drama, War",831949,"1987-07-10","Stanley Kubrick"
tt0120669,9,2016-06-24,"Fear and Loathing in Las Vegas","Fear and Loathing in Las Vegas",https://www.imdb.com/title/tt0120669,Movie,7.5,118,1998,"Adventure, Drama, Comedy",313352,"1998-05-22","Terry Gilliam"
tt0057012,9,2016-06-24,"Dr. Strangelove or: How I Learned to Stop Worrying and Love the Bomb","Dr. Strangelove or: How I Learned to Stop Worrying and Love the Bomb",https://www.imdb.com/title/tt0057012,Movie,8.3,95,1964,"War, Comedy",542771,"1964-01-29","Stanley Kubrick"
tt1853728,9,2016-06-24,"Django Unchained","Django Unchained",https://www.imdb.com/title/tt1853728,Movie,8.5,165,2012,"Western",1819776,"2012-12-25","Quentin Tarantino"
tt0112641,9,2016-06-24,"Casino","Casino",https://www.imdb.com/title/tt0112641,Movie,8.2,178,1995,"Crime, Drama",601265,"1995-11-22","Martin Scorsese"
tt0317219,9,2016-06-24,"Cars","Cars",https://www.imdb.com/title/tt0317219,Movie,7.3,116,2006,"Animation, Family, Sport, Comedy, Adventure",514020,"2006-06-09","John Lasseter,Joe Ranft"
tt0265086,9,2016-06-24,"Black Hawk Down","Black Hawk Down",https://www.imdb.com/title/tt0265086,Movie,7.7,144,2001,"Drama, Action, History, War",444651,"2002-01-18","Ridley Scott"
tt0416449,9,2016-06-24,"300","300",https://www.imdb.com/title/tt0416449,Movie,7.6,117,2006,"Action, Drama",898082,"2007-03-09","Zack Snyder"
tt0358273,10,2016-06-24,"Walk the Line","Walk the Line",https://www.imdb.com/title/tt0358273,Movie,7.8,136,2005,"Drama, Music, Biography, Romance",276403,"2005-11-18","James Mangold"
tt1191111,10,2016-06-24,"Enter the Void","Enter the Void",https://www.imdb.com/title/tt1191111,Movie,7.2,161,2009,"Drama, Fantasy",92562,"2010-05-05","Gaspar Noé"
tt0047396,10,2016-06-24,"Rear Window","Rear Window",https://www.imdb.com/title/tt0047396,Movie,8.5,112,1954,"Drama, Mystery, Thriller",554133,"1954-09-01","Alfred Hitchcock"
tt0209144,10,2016-06-24,"Memento","Memento",https://www.imdb.com/title/tt0209144,Movie,8.4,113,2000,"Drama, Thriller, Mystery",1397180,"2001-05-25","Christopher Nolan"
tt1065073,10,2016-06-24,"Boyhood","Boyhood",https://www.imdb.com/title/tt1065073,Movie,7.9,165,2014,"Drama",377340,"2014-08-15","Richard Linklater"
tt0887912,10,2016-06-24,"The Hurt Locker","The Hurt Locker",https://www.imdb.com/title/tt0887912,Movie,7.5,131,2008,"Thriller, Drama, War",488000,"2009-07-31","Kathryn Bigelow"
tt0137523,10,2016-06-24,"Fight Club","Fight Club",https://www.imdb.com/title/tt0137523,Movie,8.8,139,1999,"Drama, Crime, Thriller",2511063,"1999-10-15","David Fincher"
tt1130884,10,2016-06-24,"Shutter Island","Shutter Island",https://www.imdb.com/title/tt1130884,Movie,8.2,138,2010,"Thriller, Mystery, Drama",1578261,"2010-02-19","Martin Scorsese"
tt1392190,10,2016-06-24,"Mad Max: Fury Road","Mad Max: Fury Road",https://www.imdb.com/title/tt1392190,Movie,8.1,120,2015,"Action, Adventure, Sci-Fi",1180235,"2015-05-15","George Miller"
tt0847817,10,2016-06-24,"Helvetica","Helvetica",https://www.imdb.com/title/tt0847817,Movie,7.2,80,2007,"Documentary",8335,"2007-09-12","Gary Hustwit"
tt0066921,10,2016-06-24,"A Clockwork Orange","A Clockwork Orange",https://www.imdb.com/title/tt0066921,Movie,8.2,136,1971,"Crime, Sci-Fi",919908,"1972-02-02","Stanley Kubrick"
tt0848228,10,2016-06-24,"The Avengers","The Avengers",https://www.imdb.com/title/tt0848228,Movie,8.0,143,2012,"Action, Sci-Fi",1525478,"2012-05-04","Joss Whedon"
tt1424432,10,2016-06-24,"Senna","Senna",https://www.imdb.com/title/tt1424432,Movie,8.5,106,2010,"Documentary, Biography, Sport",82292,"2011-05-25","Asif Kapadia"
tt0499549,10,2016-06-24,"Avatar","Avatar",https://www.imdb.com/title/tt0499549,Movie,7.9,162,2009,"Sci-Fi, Action, Adventure, Fantasy",1444463,"2009-12-18","James Cameron"
tt0111161,10,2016-06-24,"The Shawshank Redemption","The Shawshank Redemption",https://www.imdb.com/title/tt0111161,Movie,9.3,142,1994,"Drama",3094519,"1994-10-14","Frank Darabont"
tt0110912,10,2016-06-24,"Pulp Fiction","Pulp Fiction",https://www.imdb.com/title/tt0110912,Movie,8.8,154,1994,"Crime, Drama",2366703,"1994-10-14","Quentin Tarantino"
tt0361748,10,2016-06-24,"Inglourious Basterds","Inglourious Basterds",https://www.imdb.com/title/tt0361748,Movie,8.4,153,2009,"War, Adventure, Drama",1714362,"2009-08-21","Quentin Tarantino"
tt4044364,10,2016-06-24,"Citizenfour","Citizenfour",https://www.imdb.com/title/tt4044364,Movie,8.0,114,2014,"Documentary, Biography",59376,"2014-11-28","Laura Poitras"
tt0088850,5,2016-06-24,"Brewster's Millions","Brewster's Millions",https://www.imdb.com/title/tt0088850,Movie,6.5,102,1985,"Comedy",45577,"1985-05-22","Walter Hill"
