Const,Your Rating,Date Rated,Title,URL,Title Type,IMDb Rating,Runtime (mins),Year,Genres,Num Votes,Release Date,Directors
tt14230458,6,2024-02-18,Poor Things,https://www.imdb.com/title/tt14230458/,movie,8.4,141,2023,"Comedy, Drama, Romance, Sci-Fi",98964,2023-09-01,Yorgos Lanthimos
tt1222817,3,2024-02-17,Zookeeper,https://www.imdb.com/title/tt1222817/,movie,5.2,102,2011,"Comedy, Family, Fantasy, Romance",64763,2011-07-06,Frank Coraci
tt0072431,8,2024-02-16,Young Frankenstein,https://www.imdb.com/title/tt0072431/,movie,8,106,1974,Comedy,167929,1974-12-15,Mel Brooks
tt0120902,5,2024-02-10,The X Files,https://www.imdb.com/title/tt0120902/,movie,7,121,1998,"Drama, Mystery, Sci-Fi, Thriller",109731,1998-06-19,Rob Bowman
tt29870383,2,2024-01-13,Being Michael Schumacher,https://www.imdb.com/title/tt29870383/,tvMiniSeries,6.7,,2023,"Documentary, Biography, Sport",70,2023-12-13,
tt9603212,8,2024-01-11,Mission: Impossible - Dead Reckoning Part One,https://www.imdb.com/title/tt9603212/,movie,7.7,163,2023,"Action, Adventure, Thriller",231931,2023-06-19,Christopher McQuarrie
tt9185816,6,2024-01-05,Woodstock,https://www.imdb.com/title/tt9185816/,movie,7.6,106,2019,"Documentary, History",1939,2019-04-28,"Barak Goodman, Jamila Ephron"
tt11564570,5,2023-12-13,Glass Onion,https://www.imdb.com/title/tt11564570/,movie,7.1,139,2022,"Comedy, Crime, Drama, Mystery, Thriller",433187,2022-09-13,Rian Johnson
tt4495098,5,2023-12-13,Gran Turismo,https://www.imdb.com/title/tt4495098/,movie,7.2,134,2023,"Action, Adventure, Drama, Sport",87975,2023-07-16,Neill Blomkamp
tt10366206,7,2023-12-09,John Wick: Chapter 4,https://www.imdb.com/title/tt10366206/,movie,7.7,169,2023,"Action, Crime, Thriller",325077,2023-03-13,Chad Stahelski
tt10285320,9,2023-11-26,Lego Masters Australia,https://www.imdb.com/title/tt10285320/,tvSeries,8.6,,2019,"Game-Show, Reality-TV",872,2019-04-28,
tt3450958,5,2023-11-18,War for the Planet of the Apes,https://www.imdb.com/title/tt3450958/,movie,7.4,140,2017,"Action, Adventure, Drama, Sci-Fi, Thriller",279013,2017-07-07,Matt Reeves
tt6266538,6,2023-11-10,Vice,https://www.imdb.com/title/tt6266538/,movie,7.2,132,2018,"Biography, Comedy, Drama, History",161000,2018-12-12,Adam McKay
tt11291274,7,2023-11-03,The Unbearable Weight of Massive Talent,https://www.imdb.com/title/tt11291274/,movie,7,107,2022,"Action, Comedy, Crime, Thriller",147063,2022-03-12,Tom Gormican
tt0076937,3,2023-10-27,Yeti - Il gigante del 20° secolo,https://www.imdb.com/title/tt0076937/,movie,4.1,118,1977,"Adventure, Crime, Fantasy",781,1977-12-23,Gianfranco Parolini
tt0077414,1,2023-10-13,Deathsport,https://www.imdb.com/title/tt0077414/,movie,4,82,1978,"Action, Drama, Sci-Fi, Sport, Thriller",2416,1978-04-30,"Roger Corman, Nicholas Niciphor, Allan Arkush"
tt0056592,8,2023-10-04,To Kill a Mockingbird,https://www.imdb.com/title/tt0056592/,movie,8.3,129,1962,"Crime, Drama",330886,1962-12-25,Robert Mulligan
tt10944760,6,2023-10-02,Titane,https://www.imdb.com/title/tt10944760/,movie,6.5,108,2021,"Drama, Horror, Sci-Fi, Thriller",55095,2021-07-13,Julia Ducournau
tt0043014,7,2023-09-27,Sunset Blvd.,https://www.imdb.com/title/tt0043014/,movie,8.4,110,1950,"Drama, Film-Noir",234670,1950-08-04,Billy Wilder
tt0283003,6,2023-09-17,Spun,https://www.imdb.com/title/tt0283003/,movie,6.7,101,2002,"Comedy, Crime, Drama",40583,2002-06-30,Jonas Åkerlund
tt11245972,4,2023-08-26,Scream,https://www.imdb.com/title/tt11245972/,movie,6.3,114,2022,"Horror, Mystery, Thriller",156471,2022-01-12,"Matt Bettinelli-Olpin, Tyler Gillett"
tt1517268,5,2023-08-25,Barbie,https://www.imdb.com/title/tt1517268/,movie,6.9,114,2023,"Adventure, Comedy, Fantasy",497620,2023-07-09,Greta Gerwig
tt15398776,7,2023-08-25,Oppenheimer,https://www.imdb.com/title/tt15398776/,movie,8.4,180,2023,"Biography, Drama, History",645991,2023-07-11,Christopher Nolan
tt27722620,6,2023-08-13,Rehragout-Rendezvous,https://www.imdb.com/title/tt27722620/,movie,6.5,97,2023,"Comedy, Crime",631,2023-07-31,Ed Herzog
tt0081398,6,2023-08-07,Raging Bull,https://www.imdb.com/title/tt0081398/,movie,8.1,129,1980,"Biography, Drama, Sport",377224,1980-11-13,Martin Scorsese
tt8550054,5,2023-08-06,Pleasure,https://www.imdb.com/title/tt8550054/,movie,6.4,109,2021,Drama,21971,2021-01-30,Ninja Thyberg
tt8633462,7,2023-08-06,"Quo vadis, Aida?",https://www.imdb.com/title/tt8633462/,movie,8,101,2020,"Drama, History, War",37728,2020-09-03,Jasmila Zbanic
tt11003218,5,2023-08-05,Pig,https://www.imdb.com/title/tt11003218/,movie,6.9,92,2021,"Drama, Mystery",88107,2021-07-16,Michael Sarnoski
tt0258000,5,2023-08-05,Panic Room,https://www.imdb.com/title/tt0258000/,movie,6.8,112,2002,"Crime, Drama, Thriller",295105,2002-03-18,David Fincher
tt21815342,6,2023-07-07,Marungka tjalatjunu,https://www.imdb.com/title/tt21815342/,short,7.1,23,2022,"Documentary, Short",47,2022-10-19,"Matthew Thorne, Derik Lynch"
tt22528178,4,2023-07-07,Kokomo City,https://www.imdb.com/title/tt22528178/,movie,7.1,73,2023,Documentary,863,2023-01-21,D. Smith
tt7888964,5,2023-05-29,Nobody,https://www.imdb.com/title/tt7888964/,movie,7.4,92,2021,"Action, Crime, Drama, Thriller",319483,2021-03-18,Ilya Naishuller
tt3799694,6,2023-05-17,The Nice Guys,https://www.imdb.com/title/tt3799694/,movie,7.4,116,2016,"Action, Comedy, Crime, Thriller",368093,2016-05-10,Shane Black
tt10838180,5,2023-04-30,The Matrix Resurrections,https://www.imdb.com/title/tt10838180/,movie,5.7,148,2021,"Action, Sci-Fi",276292,2021-12-16,Lana Wachowski
tt0084316,2,2023-04-21,Megaforce,https://www.imdb.com/title/tt0084316/,movie,3.6,99,1982,"Action, Sci-Fi",4266,1982-06-25,Hal Needham
tt0175880,5,2023-04-16,Magnolia,https://www.imdb.com/title/tt0175880/,movie,8,188,1999,Drama,326719,1999-12-08,Paul Thomas Anderson
tt3268458,5,2023-04-16,The Internet's Own Boy: The Story of Aaron Swartz,https://www.imdb.com/title/tt3268458/,movie,8,105,2014,"Documentary, Biography, Crime",17979,2014-01-20,Brian Knappenberger
tt11271038,7,2023-04-13,Licorice Pizza,https://www.imdb.com/title/tt11271038/,movie,7.1,133,2021,"Comedy, Drama, Romance",138801,2021-11-20,Paul Thomas Anderson
tt1379182,8,2023-04-09,Kynodontas,https://www.imdb.com/title/tt1379182/,movie,7.2,97,2009,"Drama, Thriller",108193,2009-05-18,Yorgos Lanthimos
tt13986278,8,2023-03-31,The Ordinaries,https://www.imdb.com/title/tt13986278/,movie,6.7,124,2022,"Comedy, Drama, Sci-Fi",604,2022-06-27,Sophie Linnenbaum
tt0040522,7,2023-03-26,Ladri di biciclette,https://www.imdb.com/title/tt0040522/,movie,8.3,89,1948,Drama,173813,1948-11-21,Vittorio De Sica
tt0099939,6,2023-03-25,King of New York,https://www.imdb.com/title/tt0099939/,movie,6.9,103,1990,"Crime, Thriller",41599,1990-05-19,Abel Ferrara
tt0113497,6,2023-03-18,Jumanji,https://www.imdb.com/title/tt0113497/,movie,7.1,104,1995,"Adventure, Comedy, Family, Fantasy",373529,1995-12-15,Joe Johnston
tt11466222,4,2023-02-04,Jackass Forever,https://www.imdb.com/title/tt11466222/,movie,6.8,96,2022,"Documentary, Action, Comedy",51292,2022-02-01,Jeff Tremaine
tt18550140,6,2023-01-11,Holy Spider,https://www.imdb.com/title/tt18550140/,movie,7.3,118,2022,"Crime, Drama, Thriller",24401,2022-05-22,Ali Abbasi
tt1628841,4,2022-12-30,Independence Day: Resurgence,https://www.imdb.com/title/tt1628841/,movie,5.2,120,2016,"Action, Adventure, Sci-Fi",187858,2016-06-20,Roland Emmerich
tt0443543,6,2022-12-29,The Illusionist,https://www.imdb.com/title/tt0443543/,movie,7.5,110,2006,"Drama, Fantasy, Mystery, Romance, Thriller",388234,2006-01-22,Neil Burger
tt0188674,7,2022-12-27,Human Traffic,https://www.imdb.com/title/tt0188674/,movie,7.1,99,1999,"Comedy, Music",26933,1999-06-04,Justin Kerrigan
tt0903624,5,2022-12-27,The Hobbit: An Unexpected Journey,https://www.imdb.com/title/tt0903624/,movie,7.8,169,2012,"Adventure, Fantasy",867158,2012-11-28,Peter Jackson
tt13352968,7,2022-12-24,"Good Luck to You, Leo Grande",https://www.imdb.com/title/tt13352968/,movie,7.2,97,2022,"Comedy, Drama",36207,2022-01-22,Sophie Hyde
tt0034786,6,2022-12-24,The Ghost of Frankenstein,https://www.imdb.com/title/tt0034786/,movie,6.1,67,1942,"Drama, Horror, Sci-Fi",7019,1942-03-13,Erle C. Kenton
tt4378376,5,2022-11-21,Babylon Berlin,https://www.imdb.com/title/tt4378376/,tvSeries,8.4,45,2017,"Crime, Drama, Thriller",29536,2017-09-30,
tt9764362,6,2022-11-18,The Menu,https://www.imdb.com/title/tt9764362/,movie,7.2,107,2022,"Comedy, Horror, Thriller",380999,2022-09-10,Mark Mylod
tt22487150,5,2022-11-11,Rebellinnen,https://www.imdb.com/title/tt22487150/,movie,7.4,84,2022,Documentary,12,2022-10-19,Pamela Meyer-Arndt
tt0083999,2,2022-10-28,Gib Gas - Ich will Spaß!,https://www.imdb.com/title/tt0083999/,movie,3.7,91,1983,"Music, Comedy",420,1983-02-03,Wolfgang Büld
tt0075989,3,2022-10-21,Empire of the Ants,https://www.imdb.com/title/tt0075989/,movie,4.2,89,1977,"Adventure, Horror, Sci-Fi",5496,1977-07-29,Bert I. Gordon
tt0198913,2,2022-10-01,Plankton,https://www.imdb.com/title/tt0198913/,video,4.3,86,1994,"Horror, Sci-Fi",923,2000-01-08,Alvaro Passeri
tt7968976,6,2022-09-25,Weed the People,https://www.imdb.com/title/tt7968976/,movie,7.3,97,2018,Documentary,398,2018-03-11,Abby Epstein
tt0154506,6,2022-09-20,Following,https://www.imdb.com/title/tt0154506/,movie,7.5,69,1998,"Crime, Mystery, Thriller",100751,1998-04-24,Christopher Nolan
tt9895024,7,2022-09-09,Heikos Welt,https://www.imdb.com/title/tt9895024/,movie,6.8,118,2021,"Comedy, Drama, Sport",294,2021-07-08,Dominik Galizia
tt0101889,7,2022-08-28,The Fisher King,https://www.imdb.com/title/tt0101889/,movie,7.5,137,1991,"Comedy, Drama, Fantasy",90359,1991-09-10,Terry Gilliam
tt12593682,3,2022-08-19,Bullet Train,https://www.imdb.com/title/tt12593682/,movie,7.3,127,2022,"Action, Comedy, Thriller",413296,2022-07-18,David Leitch
tt1745960,8,2022-08-14,Top Gun: Maverick,https://www.imdb.com/title/tt1745960/,movie,8.3,130,2022,"Action, Drama",676977,2022-05-18,Joseph Kosinski
tt5083738,8,2022-08-05,The Favourite,https://www.imdb.com/title/tt5083738/,movie,7.5,119,2018,"Biography, Comedy, Drama, History",226216,2018-08-30,Yorgos Lanthimos
tt6710474,6,2022-06-11,Everything Everywhere All at Once,https://www.imdb.com/title/tt6710474/,movie,7.8,139,2022,"Action, Adventure, Comedy, Fantasy, Sci-Fi",517895,2022-03-11,"Daniel Kwan, Daniel Scheinert"
tt0195685,6,2022-05-18,Erin Brockovich,https://www.imdb.com/title/tt0195685/,movie,7.4,131,2000,"Biography, Drama",218526,2000-03-14,Steven Soderbergh
tt2316411,7,2022-05-13,Enemy,https://www.imdb.com/title/tt2316411/,movie,6.9,91,2013,"Drama, Mystery, Thriller",211699,2013-09-08,Denis Villeneuve
tt14821150,9,2022-04-29,Vortex,https://www.imdb.com/title/tt14821150/,movie,7.4,142,2021,Drama,9011,2021-07-16,Gaspar Noé
tt0457430,8,2022-04-17,El laberinto del fauno,https://www.imdb.com/title/tt0457430/,movie,8.2,118,2006,"Drama, Fantasy, War",699029,2006-05-27,Guillermo del Toro
tt1160419,7,2022-04-15,Dune: Part One,https://www.imdb.com/title/tt1160419/,movie,8,155,2021,"Action, Adventure, Drama, Sci-Fi",763805,2021-09-03,Denis Villeneuve
tt0093119,1,2022-04-08,Grizzly II: The Predator,https://www.imdb.com/title/tt0093119/,movie,2.8,74,1983,"Horror, Music, Thriller",1638,1983-12-31,André Szöts
tt11893274,8,2022-04-02,Downfall: The Case Against Boeing,https://www.imdb.com/title/tt11893274/,movie,7.4,89,2022,Documentary,13333,2022-01-21,Rory Kennedy
tt0093991,3,2022-04-01,Slave Girls from Beyond Infinity,https://www.imdb.com/title/tt0093991/,movie,4.4,74,1987,"Action, Adventure, Comedy, Horror, Sci-Fi, Thriller",2268,1987-09-18,Ken Dixon
tt11286314,5,2022-03-24,Don't Look Up,https://www.imdb.com/title/tt11286314/,movie,7.2,138,2021,"Comedy, Drama, Sci-Fi",592578,2021-12-05,Adam McKay
tt5390504,7,2022-03-23,Detroit,https://www.imdb.com/title/tt5390504/,movie,7.3,143,2017,"Crime, Drama, History, Thriller",55706,2017-07-25,Kathryn Bigelow
tt0112851,6,2022-03-06,Desperado,https://www.imdb.com/title/tt0112851/,movie,7.1,104,1995,"Action, Crime, Drama, Thriller, Western",196523,1995-05-31,Robert Rodriguez
tt5893264,2,2022-02-27,D'après une histoire vraie,https://www.imdb.com/title/tt5893264/,movie,5.7,100,2017,"Drama, Mystery, Thriller",7332,2017-05-27,Roman Polanski
tt1657507,3,2022-02-26,Colombiana,https://www.imdb.com/title/tt1657507/,movie,6.4,108,2011,"Action, Drama, Thriller",107061,2011-06-25,Olivier Megaton
tt0094889,3,2022-02-19,Cocktail,https://www.imdb.com/title/tt0094889/,movie,5.9,104,1988,"Comedy, Drama, Romance",91206,1988-07-29,Roger Donaldson
tt0088930,4,2022-02-18,Clue,https://www.imdb.com/title/tt0088930/,movie,7.2,94,1985,"Comedy, Crime, Mystery, Thriller",108042,1985-12-13,Jonathan Lynn
tt2503944,2,2022-02-12,Burnt,https://www.imdb.com/title/tt2503944/,movie,6.6,101,2015,"Comedy, Drama",131896,2015-10-18,John Wells
tt6470924,8,2022-02-11,Berlin Alexanderplatz,https://www.imdb.com/title/tt6470924/,movie,6.9,183,2020,"Crime, Drama, Thriller",3850,2020-02-26,Burhan Qurbani
tt7282468,5,2022-01-22,Beoning,https://www.imdb.com/title/tt7282468/,movie,7.5,148,2018,"Drama, Mystery, Thriller",75237,2018-05-16,Lee Chang-dong
tt12789558,7,2022-01-16,Belfast,https://www.imdb.com/title/tt12789558/,movie,7.2,98,2021,"Biography, Drama, Romance",90485,2021-09-02,Kenneth Branagh
tt16463942,4,2022-01-14,Die Discounter,https://www.imdb.com/title/tt16463942/,tvSeries,8.1,17,2021,Comedy,4492,2021-12-17,
tt2382320,8,2022-01-11,No Time to Die,https://www.imdb.com/title/tt2382320/,movie,7.3,163,2021,"Action, Adventure, Thriller",440565,2021-09-28,Cary Joji Fukunaga
tt0103772,7,2022-01-08,Basic Instinct,https://www.imdb.com/title/tt0103772/,movie,7,127,1992,"Drama, Mystery, Thriller",217070,1992-03-18,Paul Verhoeven
tt0106341,6,2022-01-05,Bad Boy Bubby,https://www.imdb.com/title/tt0106341/,movie,7.3,114,1993,"Comedy, Crime, Drama",14919,1993-09-30,Rolf de Heer
tt0063929,9,2022-01-02,Monty Python's Flying Circus,https://www.imdb.com/title/tt0063929/,tvSeries,8.8,30,1969,Comedy,78369,1969-10-05,
tt7518466,4,2021-12-31,Conor McGregor: Notorious,https://www.imdb.com/title/tt7518466/,movie,7.1,90,2017,"Documentary, Biography, Sport",6471,2017-11-01,Gavin Fitzgerald
tt0181653,6,2021-12-24,Letzte Chance für Harry,https://www.imdb.com/title/tt0181653/,tvMovie,6.2,90,1998,"Comedy, Drama",72,1998-12-23,Karsten Wichniarz
tt0261392,1,2021-12-17,Jay and Silent Bob Strike Back,https://www.imdb.com/title/tt0261392/,movie,6.8,104,2001,Comedy,160433,2001-08-22,Kevin Smith
tt5179130,2,2021-12-15,Ostfriesisch für Anfänger,https://www.imdb.com/title/tt5179130/,movie,5.2,91,2016,"Comedy, Drama",225,2016-10-08,Gregory Kirchhoff
tt0104952,7,2021-12-14,My Cousin Vinny,https://www.imdb.com/title/tt0104952/,movie,7.6,120,1992,"Comedy, Crime",138676,1992-03-13,Jonathan Lynn
tt0120382,5,2021-12-14,The Truman Show,https://www.imdb.com/title/tt0120382/,movie,8.2,103,1998,"Comedy, Drama",1181788,1998-06-01,Peter Weir
tt0088379,1,2021-12-04,The Warrior and the Sorceress,https://www.imdb.com/title/tt0088379/,movie,4.2,81,1984,"Adventure, Fantasy",2483,1984-09-07,John C. Broderick
tt11891770,8,2021-11-21,Greta Thunberg: A Year to Change the World,https://www.imdb.com/title/tt11891770/,tvMiniSeries,5.5,59,2021,Documentary,624,2021-04-12,
tt1080019,5,2021-11-19,Jerry Cotton,https://www.imdb.com/title/tt1080019/,movie,5.2,90,2010,"Action, Comedy, Crime",978,2010-03-11,"Cyrill Boss, Philipp Stennert"
tt5065822,5,2021-11-18,Ronaldo,https://www.imdb.com/title/tt5065822/,movie,6.3,102,2015,"Documentary, Biography, Sport",17057,2015-11-09,Anthony Wonke
tt6700846,6,2021-11-09,AlphaGo,https://www.imdb.com/title/tt6700846/,movie,7.8,90,2017,"Documentary, Sport",6852,2017-04-21,Greg Kohs
tt0118571,3,2021-11-05,Air Force One,https://www.imdb.com/title/tt0118571/,movie,6.5,124,1997,"Action, Drama, Thriller",208751,1997-07-21,Wolfgang Petersen
tt2400275,4,2021-11-04,Adieu au langage,https://www.imdb.com/title/tt2400275/,movie,5.8,70,2014,"Drama, Fantasy",6275,2014-05-21,Jean-Luc Godard
tt0268126,7,2021-10-29,Adaptation.,https://www.imdb.com/title/tt0268126/,movie,7.7,115,2002,"Comedy, Drama",201878,2002-12-03,Spike Jonze
tt0104257,6,2021-10-28,A Few Good Men,https://www.imdb.com/title/tt0104257/,movie,7.7,138,1992,"Drama, Thriller",284968,1992-12-02,Rob Reiner
tt0268978,8,2021-10-23,A Beautiful Mind,https://www.imdb.com/title/tt0268978/,movie,8.2,135,2001,"Biography, Drama, Mystery",979957,2001-12-13,Ron Howard
tt1007028,3,2021-10-22,Zack and Miri Make a Porno,https://www.imdb.com/title/tt1007028/,movie,6.5,101,2008,"Comedy, Romance",181835,2008-09-07,Kevin Smith
tt14149744,5,2021-10-11,Schwarze Adler,https://www.imdb.com/title/tt14149744/,movie,7.8,100,2021,Documentary,602,2021-04-15,Torsten Körner
tt9212538,4,2021-10-03,Wendezeit,https://www.imdb.com/title/tt9212538/,tvMovie,7,120,2019,"Drama, Romance, Thriller",399,2019-08-21,Sven Bohse
tt0301357,6,2021-10-02,Good Bye Lenin!,https://www.imdb.com/title/tt0301357/,movie,7.7,121,2003,"Comedy, Drama, Romance",151993,2003-02-09,Wolfgang Becker
tt4714568,5,2021-09-27,The Young Offenders,https://www.imdb.com/title/tt4714568/,movie,7,83,2016,"Adventure, Comedy, Crime, Drama",13241,2016-09-16,Peter Foott
tt0329774,3,2021-09-26,xXx: State of the Union,https://www.imdb.com/title/tt0329774/,movie,4.5,101,2005,"Action, Adventure, Crime, Sci-Fi, Thriller",73334,2005-04-27,Lee Tamahori
tt5195412,4,2021-09-25,Wakefield,https://www.imdb.com/title/tt5195412/,movie,6.3,106,2016,Drama,17942,2016-09-02,Robin Swicord
tt10322274,7,2021-09-20,Schumacher,https://www.imdb.com/title/tt10322274/,movie,7.4,112,2021,"Documentary, Biography, Sport",25028,2021-09-15,"Hanns-Bruno Kammertöns, Vanessa Nöcker, Michael Wech"
tt7841526,4,2021-09-20,Grand Prix Driver,https://www.imdb.com/title/tt7841526/,tvMiniSeries,7.4,111,2018,"Documentary, Sport",1332,2018-02-09,
tt3626476,5,2021-09-19,Vacation Friends,https://www.imdb.com/title/tt3626476/,movie,6.3,103,2021,"Adventure, Comedy",29070,2021-08-27,Clay Tarver
tt1441395,8,2021-09-10,Under the Skin,https://www.imdb.com/title/tt1441395/,movie,6.3,108,2013,"Drama, Horror, Mystery, Sci-Fi, Thriller",156168,2013-08-29,Jonathan Glazer
tt2121382,5,2021-09-05,Turist,https://www.imdb.com/title/tt2121382/,movie,7.2,120,2014,"Comedy, Drama",66302,2014-05-18,Ruben Östlund
tt1272886,5,2021-09-04,Small Apartments,https://www.imdb.com/title/tt1272886/,movie,6.1,96,2012,"Comedy, Crime, Drama",8301,2012-03-10,Jonas Åkerlund
tt14512538,6,2021-09-04,Roadrunner: A Film About Anthony Bourdain,https://www.imdb.com/title/tt14512538/,movie,7.7,119,2021,Documentary,9976,2021-06-11,Morgan Neville
tt8722346,8,2021-09-03,Queen & Slim,https://www.imdb.com/title/tt8722346/,movie,7.1,132,2019,"Crime, Drama, Romance",34417,2019-11-14,Melina Matsoukas
tt5932728,5,2021-08-09,The Professor and the Madman,https://www.imdb.com/title/tt5932728/,movie,7.2,124,2019,"Biography, Drama, History",50556,2019-03-15,Farhad Safinia
tt3829920,4,2021-08-08,Only the Brave,https://www.imdb.com/title/tt3829920/,movie,7.6,134,2017,"Action, Biography, Drama",76494,2017-10-18,Joseph Kosinski
tt7984734,7,2021-08-08,The Lighthouse,https://www.imdb.com/title/tt7984734/,movie,7.4,109,2019,"Drama, Fantasy, Horror, Mystery, Thriller",251007,2019-05-19,Robert Eggers
tt9770150,5,2021-08-08,Nomadland,https://www.imdb.com/title/tt9770150/,movie,7.3,107,2020,Drama,180705,2020-09-11,Chloé Zhao
tt1560747,7,2021-08-07,The Master,https://www.imdb.com/title/tt1560747/,movie,7.1,138,2012,"Drama, History",185113,2012-09-01,Paul Thomas Anderson
tt0107302,6,2021-08-01,Kalifornia,https://www.imdb.com/title/tt0107302/,movie,6.7,117,1993,"Crime, Drama, Thriller",57627,1993-08-31,Dominic Sena
tt6146586,2,2021-07-31,John Wick: Chapter 3 - Parabellum,https://www.imdb.com/title/tt6146586/,movie,7.4,130,2019,"Action, Crime, Thriller",420928,2019-05-15,Chad Stahelski
tt11794022,4,2021-07-29,Alles ist eins. Ausser der 0.,https://www.imdb.com/title/tt11794022/,movie,7.1,94,2020,Documentary,186,2020-10-04,"Klaus Maeck, Tanja Schwerdorf"
tt0278504,7,2021-07-28,Insomnia,https://www.imdb.com/title/tt0278504/,movie,7.2,118,2002,"Drama, Mystery, Thriller",316115,2002-05-03,Christopher Nolan
tt5503686,2,2021-07-18,Hustlers,https://www.imdb.com/title/tt5503686/,movie,6.3,110,2019,"Comedy, Crime, Drama",106915,2019-09-07,Lorene Scafaria
tt0099685,7,2021-07-17,Goodfellas,https://www.imdb.com/title/tt0099685/,movie,8.7,145,1990,"Biography, Crime, Drama",1244975,1990-09-09,Martin Scorsese
tt14152756,5,2021-07-04,Seaspiracy,https://www.imdb.com/title/tt14152756/,movie,8.1,89,2021,"Documentary, Adventure",33904,2021-03-24,Ali Tabrizi
tt1100089,7,2021-05-31,Foxcatcher,https://www.imdb.com/title/tt1100089/,movie,7,134,2014,"Biography, Drama, History, Sport",148443,2014-05-19,Bennett Miller
tt2719848,3,2021-05-30,Everest,https://www.imdb.com/title/tt2719848/,movie,7.1,121,2015,"Action, Adventure, Biography, Drama, Thriller",230692,2015-09-02,Baltasar Kormákur
tt0100477,5,2021-05-25,The Rescuers Down Under,https://www.imdb.com/title/tt0100477/,movie,6.8,77,1990,"Animation, Adventure, Comedy, Family, Fantasy",46840,1990-11-16,"Mike Gabriel, Hendel Butoy"
tt0092890,4,2021-05-21,Dirty Dancing,https://www.imdb.com/title/tt0092890/,movie,7,100,1987,"Drama, Music, Romance",253623,1987-08-17,Emile Ardolino
tt8267604,8,2021-05-18,Capharnaüm,https://www.imdb.com/title/tt8267604/,movie,8.4,126,2018,Drama,103433,2018-05-17,Nadine Labaki
tt0112384,6,2021-04-29,Apollo 13,https://www.imdb.com/title/tt0112384/,movie,7.7,140,1995,"Adventure, Drama, History",313154,1995-06-22,Ron Howard
tt0390521,5,2021-04-29,Super Size Me,https://www.imdb.com/title/tt0390521/,movie,7.2,100,2004,Documentary,112828,2004-01-17,Morgan Spurlock
tt0486551,3,2021-04-17,Beerfest,https://www.imdb.com/title/tt0486551/,movie,6.2,110,2006,Comedy,71160,2006-08-25,Jay Chandrasekhar
tt8760684,7,2021-04-16,Apollo 11,https://www.imdb.com/title/tt8760684/,movie,8.1,93,2019,"Documentary, History",27054,2019-01-24,Todd Douglas Miller
tt0090630,1,2021-04-16,America 3000,https://www.imdb.com/title/tt0090630/,movie,4.2,92,1986,"Action, Adventure, Comedy, Sci-Fi",1549,1986-04-30,David Engelbach
tt0082257,2,2021-04-09,Demonoid,https://www.imdb.com/title/tt0082257/,movie,4.7,78,1981,Horror,1792,1981-02-27,Alfredo Zacarías
tt0142688,5,2021-04-05,The Ninth Gate,https://www.imdb.com/title/tt0142688/,movie,6.7,133,1999,"Mystery, Thriller",196259,1999-08-25,Roman Polanski
tt0364725,5,2021-04-05,Dodgeball: A True Underdog Story,https://www.imdb.com/title/tt0364725/,movie,6.7,92,2004,"Comedy, Sport",265398,2004-06-18,Rawson Marshall Thurber
tt7014006,6,2021-04-04,Eighth Grade,https://www.imdb.com/title/tt7014006/,movie,7.4,93,2018,"Comedy, Drama",81872,2018-01-19,Bo Burnham
tt5466186,4,2021-04-03,Entebbe,https://www.imdb.com/title/tt5466186/,movie,5.9,107,2018,"Action, Drama, History, Thriller",17171,2018-02-19,José Padilha
tt0167404,7,2021-03-20,The Sixth Sense,https://www.imdb.com/title/tt0167404/,movie,8.2,107,1999,"Drama, Mystery, Thriller",1043596,1999-08-02,M. Night Shyamalan
tt0119116,1,2021-03-19,Le cinquième élément,https://www.imdb.com/title/tt0119116/,movie,7.6,126,1997,"Action, Adventure, Sci-Fi",501875,1997-05-07,Luc Besson
tt1032846,7,2021-03-12,"4 luni, 3 saptamâni si 2 zile",https://www.imdb.com/title/tt1032846/,movie,7.9,113,2007,Drama,63052,2007-05-17,Cristian Mungiu
tt13241704,6,2021-02-28,Hidden,https://www.imdb.com/title/tt13241704/,short,6.9,18,2020,"Documentary, Short, Music",641,2020-09-21,Jafar Panahi
tt0423866,7,2021-01-31,Bin-jip,https://www.imdb.com/title/tt0423866/,movie,7.9,88,2004,"Crime, Drama, Romance",57978,2004-09-07,Kim Ki-duk
tt0274309,7,2021-01-29,24 Hour Party People,https://www.imdb.com/title/tt0274309/,movie,7.3,117,2002,"Biography, Comedy, Drama, Music",39365,2002-02-13,Michael Winterbottom
tt2518788,7,2021-01-28,1,https://www.imdb.com/title/tt2518788/,movie,7.9,112,2013,"Documentary, Action, History, Sport",4443,2013-09-19,Paul Crowder
tt7569576,5,2021-01-27,The Flight Attendant,https://www.imdb.com/title/tt7569576/,tvSeries,7.1,,2020,"Comedy, Drama, Mystery, Thriller",62159,2020-11-18,
tt1790885,8,2021-01-24,Zero Dark Thirty,https://www.imdb.com/title/tt1790885/,movie,7.4,157,2012,"Drama, History, Thriller",317169,2012-12-10,Kathryn Bigelow
tt10541812,2,2021-01-22,Jerks: Blütezeit,https://www.imdb.com/title/tt10541812/,tvEpisode,8,23,2019,Comedy,85,2019-06-17,Christian Ulmen
tt0128853,4,2021-01-18,You've Got Mail,https://www.imdb.com/title/tt0128853/,movie,6.7,119,1998,"Comedy, Drama, Romance",228074,1998-12-18,Nora Ephron
tt0065234,8,2021-01-18,Z,https://www.imdb.com/title/tt0065234/,movie,8.2,127,1969,"Crime, Drama, Thriller",31096,1969-02-26,Costa-Gavras
tt0295701,6,2021-01-16,xXx,https://www.imdb.com/title/tt0295701/,movie,5.8,124,2002,"Action, Adventure, Thriller",185827,2002-08-09,Rob Cohen
tt0086567,7,2021-01-14,WarGames,https://www.imdb.com/title/tt0086567/,movie,7.1,114,1983,"Action, Drama, Sci-Fi, Thriller",109741,1983-05-19,John Badham
tt0434409,4,2021-01-13,V for Vendetta,https://www.imdb.com/title/tt0434409/,movie,8.2,132,2005,"Action, Drama, Sci-Fi, Thriller",1172508,2005-12-11,James McTeigue
tt0094226,6,2021-01-12,The Untouchables,https://www.imdb.com/title/tt0094226/,movie,7.8,119,1987,"Crime, Drama, Thriller",328665,1987-06-02,Brian De Palma
tt0120338,8,2021-01-10,Titanic,https://www.imdb.com/title/tt0120338/,movie,7.9,194,1997,"Drama, Romance",1269992,1997-11-01,James Cameron
tt0157016,6,2021-01-09,Seul contre tous,https://www.imdb.com/title/tt0157016/,movie,7.3,93,1998,"Crime, Drama, Thriller",25616,1998-05-16,Gaspar Noé
tt0830515,4,2021-01-08,Quantum of Solace,https://www.imdb.com/title/tt0830515/,movie,6.6,106,2008,"Action, Adventure, Mystery, Thriller",468546,2008-10-29,Marc Forster
tt0098206,4,2021-01-08,Road House,https://www.imdb.com/title/tt0098206/,movie,6.7,114,1989,"Action, Thriller",86118,1989-05-19,Rowdy Herrington
tt4714782,4,2021-01-07,Personal Shopper,https://www.imdb.com/title/tt4714782/,movie,6.1,105,2016,"Mystery, Thriller",42933,2016-05-17,Olivier Assayas
tt1321511,5,2021-01-06,Oldboy,https://www.imdb.com/title/tt1321511/,movie,5.8,104,2013,"Action, Drama, Mystery, Thriller",80324,2013-11-11,Spike Lee
tt2369135,1,2021-01-05,Need for Speed,https://www.imdb.com/title/tt2369135/,movie,6.4,132,2014,"Action, Crime, Thriller",177742,2014-03-07,Scott Waugh
tt13576626,4,2021-01-03,Ferdinand von Schirach: Feinde - Das Geständnis,https://www.imdb.com/title/tt13576626/,tvMovie,6.3,90,2021,"Crime, Drama",381,2021-01-03,Nils Willbrandt
tt13576640,4,2021-01-03,Ferdinand von Schirach: Feinde - Gegen die Zeit,https://www.imdb.com/title/tt13576640/,tvMovie,6.6,90,2021,"Crime, Drama",472,2021-01-03,Nils Willbrandt
tt0068931,6,2021-01-02,The Mechanic,https://www.imdb.com/title/tt0068931/,movie,6.8,100,1972,"Action, Crime, Thriller",15552,1972-11-17,Michael Winner
tt10272534,8,2020-12-29,Lvx Æterna,https://www.imdb.com/title/tt10272534/,movie,6.2,51,2019,"Drama, Thriller",7231,2019-05-18,Gaspar Noé
tt10696320,5,2020-12-29,"Krabi, 2562",https://www.imdb.com/title/tt10696320/,movie,6.2,94,2019,"Documentary, Drama",303,2019-08-08,"Anocha Suwichakornpong, Ben Rivers"
tt12855754,7,2020-12-29,Race to Perfection,https://www.imdb.com/title/tt12855754/,tvMiniSeries,7.8,428,2020,"Documentary, Sport",302,2020-09-12,
tt1772925,7,2020-12-28,Jiro Dreams of Sushi,https://www.imdb.com/title/tt1772925/,movie,7.8,81,2011,Documentary,37795,2011-06-15,David Gelb
tt1966604,6,2020-12-28,The Imposter,https://www.imdb.com/title/tt1966604/,movie,7.5,99,2012,"Documentary, Biography, Crime, Drama, Thriller",50172,2012-01-23,Bart Layton
tt0104431,5,2020-12-18,Home Alone 2: Lost in New York,https://www.imdb.com/title/tt0104431/,movie,6.9,120,1992,"Adventure, Comedy, Crime, Family",399872,1992-11-15,Chris Columbus
tt0094794,2,2020-12-18,The Brain,https://www.imdb.com/title/tt0094794/,movie,5.2,94,1988,"Horror, Sci-Fi",3428,1988-11-04,Ed Hunt
tt0172495,4,2020-12-10,Gladiator,https://www.imdb.com/title/tt0172495/,movie,8.5,155,2000,"Action, Adventure, Drama",1603821,2000-05-01,Ridley Scott
tt9654596,3,2020-12-08,Searching Eva,https://www.imdb.com/title/tt9654596/,movie,6,85,2019,Documentary,361,2019-02-11,Pia Hellenthal
tt0482571,8,2020-12-07,The Prestige,https://www.imdb.com/title/tt0482571/,movie,8.5,130,2006,"Drama, Mystery, Sci-Fi, Thriller",1427429,2006-10-17,Christopher Nolan
tt6723592,8,2020-12-07,Tenet,https://www.imdb.com/title/tt6723592/,movie,7.3,150,2020,"Action, Sci-Fi, Thriller",581794,2020-08-22,Christopher Nolan
tt3766354,5,2020-11-27,The Equalizer 2,https://www.imdb.com/title/tt3766354/,movie,6.7,121,2018,"Action, Crime, Thriller",193805,2018-07-19,Antoine Fuqua
tt0068611,8,2020-11-27,Frenzy,https://www.imdb.com/title/tt0068611/,movie,7.4,116,1972,Thriller,49022,1972-05-19,Alfred Hitchcock
tt8850222,5,2020-11-22,Busanhaeng 2: Bando,https://www.imdb.com/title/tt8850222/,movie,5.5,116,2020,"Action, Horror, Thriller",37349,2020-07-15,Yeon Sang-ho
tt2377322,6,2020-11-12,Deliver Us from Evil,https://www.imdb.com/title/tt2377322/,movie,6.2,118,2014,"Crime, Fantasy, Horror, Mystery, Thriller",84996,2014-06-24,Scott Derrickson
tt7274546,6,2020-11-09,Das System Milch,https://www.imdb.com/title/tt7274546/,movie,7,90,2017,Documentary,590,2017-09-21,Andreas Pichler
tt0284978,4,2020-11-07,Cypher,https://www.imdb.com/title/tt0284978/,movie,6.7,95,2002,"Mystery, Sci-Fi, Thriller",31987,2002-08-02,Vincenzo Natali
tt13143964,5,2020-11-05,Borat Subsequent Moviefilm: Delivery of Prodigious Bribe to American Regime for Make Benefit Once Glorious Nation of Kazakhstan,https://www.imdb.com/title/tt13143964/,movie,6.6,95,2020,Comedy,152361,2020-10-23,Jason Woliner
tt0078748,6,2020-10-30,Alien,https://www.imdb.com/title/tt0078748/,movie,8.5,117,1979,"Horror, Sci-Fi",941293,1979-05-25,Ridley Scott
tt3214002,5,2020-10-25,Video Games: The Movie,https://www.imdb.com/title/tt3214002/,movie,6.1,101,2014,"Documentary, History",5589,2014-07-18,Jeremy Snead
tt0335266,5,2020-10-25,Lost in Translation,https://www.imdb.com/title/tt0335266/,movie,7.7,102,2003,"Comedy, Drama",484429,2003-08-29,Sofia Coppola
tt5446858,7,2020-10-25,Zero Days,https://www.imdb.com/title/tt5446858/,movie,7.7,116,2016,Documentary,10357,2016-02-11,Alex Gibney
tt0063823,6,2020-10-23,Yellow Submarine,https://www.imdb.com/title/tt0063823/,movie,7.4,88,1968,"Animation, Adventure, Comedy, Fantasy, Musical",27865,1968-07-17,George Dunning
tt0120889,7,2020-10-17,What Dreams May Come,https://www.imdb.com/title/tt0120889/,movie,7,113,1998,"Drama, Fantasy, Romance",113824,1998-09-28,Vincent Ward
tt11318602,6,2020-10-15,Don't F**k with Cats: Hunting an Internet Killer,https://www.imdb.com/title/tt11318602/,tvMiniSeries,8,187,2019,"Documentary, Crime, Mystery",61342,2019-12-18,
tt7959216,1,2020-10-09,Utøya 22. juli,https://www.imdb.com/title/tt7959216/,movie,7.2,93,2018,"Drama, Thriller",15695,2018-02-19,Erik Poppe
tt0088247,6,2020-08-22,The Terminator,https://www.imdb.com/title/tt0088247/,movie,8.1,107,1984,"Action, Sci-Fi",916927,1984-10-26,James Cameron
tt5753856,3,2020-08-15,Dark,https://www.imdb.com/title/tt5753856/,tvSeries,8.7,1455,2017,"Crime, Drama, Mystery, Sci-Fi, Thriller",437139,2017-09-09,
tt0105435,6,2020-08-08,Sneakers,https://www.imdb.com/title/tt0105435/,movie,7.1,126,1992,"Comedy, Crime, Drama, Mystery, Thriller",62187,1992-09-09,Phil Alden Robinson
tt1034331,3,2020-07-27,Righteous Kill,https://www.imdb.com/title/tt1034331/,movie,6,101,2008,"Crime, Mystery, Thriller",91834,2008-09-10,Jon Avnet
tt8951058,6,2020-07-26,The Panama Papers,https://www.imdb.com/title/tt8951058/,movie,7.1,96,2018,Documentary,1703,2018-10-06,Alex Winter
tt1781781,3,2020-07-12,Born to Race,https://www.imdb.com/title/tt1781781/,video,5.9,99,2011,"Action, Sport",6707,2011-10-06,Alex Ranarivelo
tt2551516,5,2020-07-08,Google and the World Brain,https://www.imdb.com/title/tt2551516/,movie,6.7,90,2013,"Documentary, Drama",944,2013-01-18,Ben Lewis
tt8790074,2,2020-06-27,Ein Ferienhaus auf Teneriffa,https://www.imdb.com/title/tt8790074/,tvMovie,4.6,88,2019,"Comedy, Drama",34,2019-01-25,Sabine Bernardi
tt4530422,4,2020-06-19,Overlord,https://www.imdb.com/title/tt4530422/,movie,6.6,110,2018,"Action, Horror, Sci-Fi, War",105898,2018-09-22,Julius Avery
tt0087803,5,2020-06-12,Nineteen Eighty-Four,https://www.imdb.com/title/tt0087803/,movie,7.1,113,1984,"Drama, Sci-Fi",78297,1984-10-10,Michael Radford
tt0022100,9,2020-06-02,M - Eine Stadt sucht einen Mörder,https://www.imdb.com/title/tt0022100/,movie,8.3,117,1931,"Crime, Mystery, Thriller",167224,1931-05-11,Fritz Lang
tt3402236,5,2020-05-24,Murder on the Orient Express,https://www.imdb.com/title/tt3402236/,movie,6.5,114,2017,"Crime, Drama, Mystery",293267,2017-11-03,Kenneth Branagh
tt7975244,5,2020-05-09,Jumanji: The Next Level,https://www.imdb.com/title/tt7975244/,movie,6.7,123,2019,"Action, Adventure, Comedy, Fantasy",279188,2019-12-04,Jake Kasdan
tt1057500,6,2020-05-02,Invictus,https://www.imdb.com/title/tt1057500/,movie,7.3,134,2009,"Biography, Drama, History, Sport",167285,2009-12-03,Clint Eastwood
tt5257726,1,2020-04-24,Hey Arnold!: The Jungle Movie,https://www.imdb.com/title/tt5257726/,tvMovie,7.4,81,2017,"Animation, Adventure, Comedy, Family, Fantasy",3617,2017-11-24,"Stu Livingston, Raymie Muzquiz"
tt8367814,7,2020-04-22,The Gentlemen,https://www.imdb.com/title/tt8367814/,movie,7.8,113,2019,"Action, Crime",385365,2019-12-03,Guy Ritchie
tt7775622,7,2020-04-20,Free Solo,https://www.imdb.com/title/tt7775622/,movie,8.1,100,2018,"Documentary, Adventure, Sport",76466,2018-08-31,"Jimmy Chin, Elizabeth Chai Vasarhelyi"
tt1631867,3,2020-04-19,Live Die Repeat: Edge of Tomorrow,https://www.imdb.com/title/tt1631867/,movie,7.9,113,2014,"Action, Adventure, Sci-Fi",729625,2014-05-28,Doug Liman
tt0363163,5,2020-04-18,Der Untergang,https://www.imdb.com/title/tt0363163/,movie,8.2,156,2004,"Biography, Drama, History, War",372777,2004-09-08,Oliver Hirschbiegel
tt1598778,5,2020-04-17,Contagion,https://www.imdb.com/title/tt1598778/,movie,6.8,106,2011,"Drama, Thriller",314540,2011-09-03,Steven Soderbergh
tt7349662,8,2020-04-13,BlacKkKlansman,https://www.imdb.com/title/tt7349662/,movie,7.5,135,2018,"Biography, Comedy, Crime, Drama",288829,2018-05-14,Spike Lee
tt4154796,3,2020-04-10,Avengers: Endgame,https://www.imdb.com/title/tt4154796/,movie,8.4,181,2019,"Action, Adventure, Drama, Sci-Fi",1249929,2019-04-18,"Anthony Russo, Joe Russo"
tt0050083,9,2020-04-05,12 Angry Men,https://www.imdb.com/title/tt0050083/,movie,9,96,1957,"Crime, Drama",855016,1957-04-10,Sidney Lumet
tt5741902,6,2020-03-29,Zoku Shinya shokudô,https://www.imdb.com/title/tt5741902/,movie,7.4,108,2016,Drama,1096,2016-11-05,Joji Matsuoka
tt0079766,5,2020-03-28,Quadrophenia,https://www.imdb.com/title/tt0079766/,movie,7.2,120,1979,"Drama, Music",20650,1979-05-14,Franc Roddam
tt0913445,4,2020-03-27,Young People Fucking,https://www.imdb.com/title/tt0913445/,movie,6.2,87,2007,"Comedy, Drama, Romance",19601,2007-09-06,Martin Gero
tt3019620,6,2020-03-26,Titli,https://www.imdb.com/title/tt3019620/,movie,7.5,116,2014,"Action, Crime, Drama, Thriller",5136,2014-05-20,Kanu Behl
tt0259711,5,2020-03-22,Vanilla Sky,https://www.imdb.com/title/tt0259711/,movie,6.9,136,2001,"Fantasy, Mystery, Romance, Sci-Fi, Thriller",284043,2001-12-10,Cameron Crowe
tt0078480,2,2020-03-22,Watership Down,https://www.imdb.com/title/tt0078480/,movie,7.6,91,1978,"Animation, Adventure, Drama, Thriller",39117,1978-10-14,"John Hubley, Martin Rosen"
tt6499752,5,2020-03-20,Upgrade,https://www.imdb.com/title/tt6499752/,movie,7.5,100,2018,"Action, Sci-Fi, Thriller",204552,2018-03-10,Leigh Whannell
tt1924429,6,2020-03-19,Trance,https://www.imdb.com/title/tt1924429/,movie,6.9,101,2013,"Crime, Drama, Mystery, Thriller",117419,2013-03-19,Danny Boyle
tt2527338,6,2020-03-16,Star Wars: Episode IX - The Rise of Skywalker,https://www.imdb.com/title/tt2527338/,movie,6.4,141,2019,"Action, Adventure, Fantasy, Sci-Fi",488499,2019-12-16,J.J. Abrams
tt0050825,6,2020-03-15,Paths of Glory,https://www.imdb.com/title/tt0050825/,movie,8.4,88,1957,"Drama, War",210574,1957-11-01,Stanley Kubrick
tt5788462,5,2020-03-15,Rocco,https://www.imdb.com/title/tt5788462/,movie,5.7,105,2016,Documentary,4272,2016-09-05,"Alban Teurlai, Thierry Demaizière"
tt0087843,5,2020-03-13,Once Upon a Time in America,https://www.imdb.com/title/tt0087843/,movie,8.3,229,1984,"Crime, Drama",374671,1984-05-20,Sergio Leone
tt1073241,5,2020-03-12,Nothing But the Truth,https://www.imdb.com/title/tt1073241/,movie,7.1,108,2008,"Crime, Drama, Mystery, Thriller",39748,2008-09-08,Rod Lurie
tt0102250,4,2020-03-08,L.A. Story,https://www.imdb.com/title/tt0102250/,movie,6.7,95,1991,"Comedy, Drama, Fantasy, Romance",34223,1991-02-08,Mick Jackson
tt1182345,5,2020-03-08,Moon,https://www.imdb.com/title/tt1182345/,movie,7.8,97,2009,"Drama, Mystery, Sci-Fi",374753,2009-01-23,Duncan Jones
tt0119472,6,2020-03-08,Knockin' on Heaven's Door,https://www.imdb.com/title/tt0119472/,movie,7.8,87,1997,"Action, Crime, Comedy, Drama",33381,1997-02-20,Thomas Jahn
tt0055031,8,2020-03-06,Judgment at Nuremberg,https://www.imdb.com/title/tt0055031/,movie,8.3,179,1961,"Drama, War",84345,1961-12-14,Stanley Kramer
tt0388139,4,2020-03-01,It's All Gone Pete Tong,https://www.imdb.com/title/tt0388139/,movie,7.2,90,2004,"Biography, Comedy, Drama, Music",20609,2004-09-12,Michael Dowse
tt4846340,6,2020-02-27,Hidden Figures,https://www.imdb.com/title/tt4846340/,movie,7.8,127,2016,"Biography, Drama, History",252600,2016-12-01,Theodore Melfi
tt6751668,5,2020-02-23,Gisaengchung,https://www.imdb.com/title/tt6751668/,movie,8.5,132,2019,"Drama, Thriller",938335,2019-05-21,Bong Joon Ho
tt0083946,7,2020-02-22,Fitzcarraldo,https://www.imdb.com/title/tt0083946/,movie,8,158,1982,"Adventure, Drama",38202,1982-03-04,Werner Herzog
tt8946378,8,2020-02-21,Knives Out,https://www.imdb.com/title/tt8946378/,movie,7.9,130,2019,"Comedy, Crime, Drama, Mystery, Thriller",764874,2019-09-07,Rian Johnson
tt5493706,2,2020-02-16,Death Race 2050,https://www.imdb.com/title/tt5493706/,video,3.7,93,2017,"Action, Comedy, Sci-Fi, Sport",5087,2017-01-09,G.J. Echternkamp
tt6511932,5,2020-02-16,The Beach Bum,https://www.imdb.com/title/tt6511932/,movie,5.5,95,2019,Comedy,24628,2019-03-09,Harmony Korine
tt0079116,6,2020-02-16,Escape from Alcatraz,https://www.imdb.com/title/tt0079116/,movie,7.6,112,1979,"Action, Biography, Crime, Drama, Thriller",146341,1979-06-22,Don Siegel
tt8364368,1,2020-02-16,Crawl,https://www.imdb.com/title/tt8364368/,movie,6.1,87,2019,"Action, Adventure, Horror, Thriller",93146,2019-07-10,Alexandre Aja
tt2935510,6,2020-02-15,Ad Astra,https://www.imdb.com/title/tt2935510/,movie,6.5,123,2019,"Adventure, Drama, Mystery, Sci-Fi, Thriller",258495,2019-08-29,James Gray
tt1206885,5,2020-02-14,Rambo: Last Blood,https://www.imdb.com/title/tt1206885/,movie,6.1,89,2019,"Action, Crime, Thriller",108534,2019-09-18,Adrian Grunberg
tt2584384,4,2020-02-14,Jojo Rabbit,https://www.imdb.com/title/tt2584384/,movie,7.9,108,2019,"Comedy, Drama, War",435667,2019-09-08,Taika Waititi
tt3856408,7,2020-02-09,Making Waves: The Art of Cinematic Sound,https://www.imdb.com/title/tt3856408/,movie,7.6,94,2019,Documentary,2219,2019-04-29,Midge Costin
tt5727208,5,2020-02-09,Uncut Gems,https://www.imdb.com/title/tt5727208/,movie,7.4,135,2019,"Crime, Drama, Thriller",314414,2019-08-30,"Benny Safdie, Josh Safdie"
tt1302006,5,2020-02-08,The Irishman,https://www.imdb.com/title/tt1302006/,movie,7.8,209,2019,"Biography, Crime, Drama",426791,2019-09-27,Martin Scorsese
tt8579674,3,2020-02-04,1917,https://www.imdb.com/title/tt8579674/,movie,8.2,119,2019,"Action, Drama, War",665249,2019-12-04,Sam Mendes
tt4736550,7,2020-01-16,The Great Hack,https://www.imdb.com/title/tt4736550/,movie,7,114,2019,"Documentary, Biography, History",24909,2019-01-26,"Karim Amer, Jehane Noujaim"
tt3762912,6,2020-01-08,Betting on Zero,https://www.imdb.com/title/tt3762912/,movie,7.2,99,2016,Documentary,5596,2016-04-14,Ted Braun
tt0432283,7,2020-01-01,Fantastic Mr. Fox,https://www.imdb.com/title/tt0432283/,movie,7.9,87,2009,"Animation, Adventure, Comedy, Crime, Drama, Family",266930,2009-10-14,Wes Anderson
tt6359956,4,2019-12-22,A Bad Moms Christmas,https://www.imdb.com/title/tt6359956/,movie,5.6,104,2017,Comedy,57442,2017-11-01,"Jon Lucas, Scott Moore"
tt0052646,6,2019-12-17,The Brain That Wouldn't Die,https://www.imdb.com/title/tt0052646/,movie,4.5,82,1962,"Horror, Sci-Fi",7524,1962-02-25,Joseph Green
tt8559006,9,2019-12-17,Hamburger Gitter,https://www.imdb.com/title/tt8559006/,movie,7.8,80,2018,Documentary,126,2018-06-22,"Steffen Maurer, Marco Heinig"
tt2113090,7,2019-12-11,This Ain't California,https://www.imdb.com/title/tt2113090/,movie,7.3,100,2012,"Documentary, History, Sport",1078,2012-02-12,Marten Persiel
tt0322545,6,2019-12-06,Herr Lehmann,https://www.imdb.com/title/tt0322545/,movie,7.1,105,2003,"Comedy, Drama",7604,2003-10-02,Leander Haußmann
tt3335200,5,2019-12-01,Bornholmer Straße,https://www.imdb.com/title/tt3335200/,tvMovie,7.1,88,2014,"Comedy, Drama",866,2014-11-05,Christian Schwochow
tt1313104,7,2019-11-23,The Cove,https://www.imdb.com/title/tt1313104/,movie,8.4,92,2009,"Documentary, Biography, Crime, History",51275,2009-04-25,Louie Psihoyos
tt0985699,2,2019-11-22,Valkyrie,https://www.imdb.com/title/tt0985699/,movie,7.1,121,2008,"Drama, History, Thriller, War",257897,2008-12-25,Bryan Singer
tt1950186,5,2019-11-19,Ford v Ferrari,https://www.imdb.com/title/tt1950186/,movie,8.1,152,2019,"Action, Biography, Drama, Sport",457769,2019-08-30,James Mangold
tt1708135,6,2019-11-16,Elser,https://www.imdb.com/title/tt1708135/,movie,7,114,2015,"Biography, Drama, War",9984,2015-02-12,Oliver Hirschbiegel
tt1600196,4,2019-11-15,The Drop,https://www.imdb.com/title/tt1600196/,movie,7,106,2014,"Crime, Drama, Thriller",161245,2014-09-05,Michaël R. Roskam
tt0115088,7,2019-11-14,Alarm für Cobra 11 - Die Autobahnpolizei,https://www.imdb.com/title/tt0115088/,tvSeries,6.3,90,1996,"Action, Crime, Drama",5801,1996-03-12,
tt4633694,5,2019-11-04,Spider-Man: Into the Spider-Verse,https://www.imdb.com/title/tt4633694/,movie,8.4,117,2018,"Animation, Action, Adventure, Comedy, Family, Fantasy, Sci-Fi",659901,2018-12-12,"Bob Persichetti, Peter Ramsey, Rodney Rothman"
tt0113161,6,2019-11-02,Get Shorty,https://www.imdb.com/title/tt0113161/,movie,6.9,105,1995,"Comedy, Crime, Thriller",88448,1995-10-20,Barry Sonnenfeld
tt7286456,9,2019-10-29,Joker,https://www.imdb.com/title/tt7286456/,movie,8.4,122,2019,"Crime, Drama, Thriller",1460613,2019-08-31,Todd Phillips
tt9222826,4,2019-10-26,Sound of Berlin,https://www.imdb.com/title/tt9222826/,movie,6.5,56,2018,"Documentary, Music",33,2018-09-16,Christian Lim
tt1276104,6,2019-10-20,Looper,https://www.imdb.com/title/tt1276104/,movie,7.4,119,2012,"Action, Drama, Sci-Fi, Thriller",599989,2012-09-06,Rian Johnson
tt8075192,7,2019-10-19,Manbiki kazoku,https://www.imdb.com/title/tt8075192/,movie,7.9,121,2018,"Crime, Drama, Thriller",85395,2018-05-13,Kore-eda Hirokazu
tt0356910,5,2019-10-17,Mr. & Mrs. Smith,https://www.imdb.com/title/tt0356910/,movie,6.5,120,2005,"Action, Comedy, Crime, Thriller",536100,2005-06-07,Doug Liman
tt2872732,5,2019-10-15,Lucy,https://www.imdb.com/title/tt2872732/,movie,6.4,89,2014,"Action, Sci-Fi, Thriller",530603,2014-07-25,Luc Besson
tt1137450,6,2019-10-13,Death Wish,https://www.imdb.com/title/tt1137450/,movie,6.3,107,2018,"Action, Crime, Drama, Thriller",76022,2018-03-01,Eli Roth
tt9243946,6,2019-10-12,El Camino: A Breaking Bad Movie,https://www.imdb.com/title/tt9243946/,movie,7.3,122,2019,"Action, Crime, Drama, Thriller",287713,2019-10-07,Vince Gilligan
tt0119396,7,2019-10-11,Jackie Brown,https://www.imdb.com/title/tt0119396/,movie,7.5,154,1997,"Crime, Drama, Thriller",371529,1997-12-08,Quentin Tarantino
tt2103188,9,2019-10-11,Grand Theft Auto V,https://www.imdb.com/title/tt2103188/,videoGame,9.5,,2013,"Action, Crime, Drama",70783,2013-09-17,
tt1979376,7,2019-10-03,Toy Story 4,https://www.imdb.com/title/tt1979376/,movie,7.7,100,2019,"Animation, Adventure, Comedy, Family, Fantasy",277077,2019-06-11,Josh Cooley
tt0069762,7,2019-09-20,Badlands,https://www.imdb.com/title/tt0069762/,movie,7.7,94,1973,"Action, Crime, Drama",77877,1973-10-13,Terrence Malick
tt0437086,5,2019-09-08,Alita: Battle Angel,https://www.imdb.com/title/tt0437086/,movie,7.3,122,2019,"Action, Adventure, Sci-Fi, Thriller",291204,2019-01-31,Robert Rodriguez
tt0205873,6,2019-08-28,The Dish,https://www.imdb.com/title/tt0205873/,movie,7.2,101,2000,"Comedy, Drama, History",17030,2000-09-15,Rob Sitch
tt7131622,7,2019-08-27,Once Upon a Time in... Hollywood,https://www.imdb.com/title/tt7131622/,movie,7.6,161,2019,"Comedy, Drama",833673,2019-05-21,Quentin Tarantino
tt10370776,8,2019-08-14,Everybody in the Place,https://www.imdb.com/title/tt10370776/,movie,7.4,61,2019,Documentary,165,2019-06-01,Jeremy Deller
tt0087332,6,2019-08-12,Ghostbusters,https://www.imdb.com/title/tt0087332/,movie,7.8,105,1984,"Action, Comedy, Fantasy, Sci-Fi",441800,1984-06-07,Ivan Reitman
tt4463894,6,2019-08-10,Shaft,https://www.imdb.com/title/tt4463894/,movie,6.4,111,2019,"Action, Comedy, Crime, Mystery",58339,2019-06-14,Tim Story
tt1093842,7,2019-08-06,My Winnipeg,https://www.imdb.com/title/tt1093842/,movie,7.5,80,2007,"Documentary, Comedy, Drama, Fantasy, History",5589,2007-09-07,Guy Maddin
tt0272338,6,2019-07-30,Punch-Drunk Love,https://www.imdb.com/title/tt0272338/,movie,7.3,95,2002,"Comedy, Drama, Romance, Thriller",175660,2002-05-19,Paul Thomas Anderson
tt2101441,7,2019-07-26,Spring Breakers,https://www.imdb.com/title/tt2101441/,movie,5.3,94,2012,"Crime, Drama, Thriller",148008,2012-09-05,Harmony Korine
tt4359416,7,2019-07-23,Taxi,https://www.imdb.com/title/tt4359416/,movie,7.3,82,2015,"Comedy, Drama",16419,2015-02-06,Jafar Panahi
tt0970179,7,2019-07-12,Hugo,https://www.imdb.com/title/tt0970179/,movie,7.5,126,2011,"Adventure, Drama, Family, Fantasy, Mystery",335572,2011-10-10,Martin Scorsese
tt3302820,6,2019-07-09,Cowspiracy: The Sustainability Secret,https://www.imdb.com/title/tt3302820/,movie,8.1,90,2014,Documentary,26446,2014-06-26,"Keegan Kuhn, Kip Andersen"
tt2980706,5,2019-06-30,Planes: Fire & Rescue,https://www.imdb.com/title/tt2980706/,movie,5.9,83,2014,"Animation, Adventure, Comedy, Family, Sport",19650,2014-07-15,Bobs Gannaway
tt4610244,8,2019-06-25,The Other Side,https://www.imdb.com/title/tt4610244/,movie,6.7,92,2015,"Documentary, Drama",1317,2015-05-21,Roberto Minervini
tt0399295,7,2019-06-23,Lord of War,https://www.imdb.com/title/tt0399295/,movie,7.6,122,2005,"Crime, Drama",334785,2005-09-16,Andrew Niccol
tt4607610,7,2019-06-21,"Eichwald, MdB",https://www.imdb.com/title/tt4607610/,tvSeries,7.3,30,2015,Comedy,222,2015-04-16,
tt9184994,6,2019-06-21,How to Sell Drugs Online (Fast),https://www.imdb.com/title/tt9184994/,tvSeries,7.8,30,2019,"Comedy, Crime, Drama, Romance",39292,2019-04-06,
tt0258760,6,2019-06-19,Lammbock,https://www.imdb.com/title/tt0258760/,movie,7.2,93,2001,"Comedy, Crime",11821,2001-08-23,Christian Zübert
tt3513498,6,2019-06-19,The Lego Movie 2: The Second Part,https://www.imdb.com/title/tt3513498/,movie,6.6,107,2019,"Animation, Action, Adventure, Comedy, Family, Fantasy, Musical, Sci-Fi",75812,2019-02-02,Mike Mitchell
tt0088763,6,2019-06-19,Back to the Future,https://www.imdb.com/title/tt0088763/,movie,8.5,116,1985,"Adventure, Comedy, Sci-Fi",1294381,1985-07-03,Robert Zemeckis
tt0067334,8,2019-06-15,Le Mans,https://www.imdb.com/title/tt0067334/,movie,6.7,106,1971,"Action, Adventure, Drama, Sport",11748,1971-06-23,"Lee H. Katzin, John Sturges"
tt7366338,9,2019-06-04,Chernobyl,https://www.imdb.com/title/tt7366338/,tvMiniSeries,9.3,330,2019,"Drama, History, Thriller",851582,2019-05-06,
tt0482606,6,2019-05-10,The Strangers,https://www.imdb.com/title/tt0482606/,movie,6.1,86,2008,"Horror, Mystery, Thriller",141996,2008-05-29,Bryan Bertino
tt1014809,6,2019-04-18,Until the Light Takes Us,https://www.imdb.com/title/tt1014809/,movie,7,93,2008,"Documentary, Music",6643,2008-10-31,"Aaron Aites, Audrey Ewell"
tt0079470,8,2019-04-17,Life of Brian,https://www.imdb.com/title/tt0079470/,movie,8,94,1979,Comedy,420221,1979-08-17,Terry Jones
tt7125774,7,2019-04-05,Ballon,https://www.imdb.com/title/tt7125774/,movie,7.5,125,2018,"Drama, History, Thriller",13207,2018-09-27,Michael Herbig
tt4951982,6,2019-03-30,Kursk,https://www.imdb.com/title/tt4951982/,movie,6.6,117,2018,"Action, Adventure, Drama, History, Thriller",21246,2018-09-06,Thomas Vinterberg
tt8289930,6,2019-03-14,Formula 1: Drive to Survive,https://www.imdb.com/title/tt8289930/,tvSeries,8.5,40,2019,"Documentary, Sport",49428,2019-03-08,
tt0113243,7,2019-03-08,Hackers,https://www.imdb.com/title/tt0113243/,movie,6.2,105,1995,"Crime, Drama, Romance, Thriller",74142,1995-09-15,Iain Softley
tt4669296,8,2019-03-08,Lords of Chaos,https://www.imdb.com/title/tt4669296/,movie,6.6,118,2018,"Biography, Drama, Horror, Music, Thriller",18962,2018-01-23,Jonas Åkerlund
tt5751998,8,2019-03-06,Small Town Crime,https://www.imdb.com/title/tt5751998/,movie,6.6,91,2017,"Crime, Mystery, Thriller",12364,2017-03-11,"Eshom Nelms, Ian Nelms"
tt5848272,6,2019-02-27,Ralph Breaks the Internet,https://www.imdb.com/title/tt5848272/,movie,7,112,2018,"Animation, Adventure, Comedy, Family, Fantasy, Sci-Fi",180646,2018-11-05,"Rich Moore, Phil Johnston"
tt5859238,3,2019-02-26,Lucky,https://www.imdb.com/title/tt5859238/,movie,7.3,88,2017,"Comedy, Drama, Western",25856,2017-03-11,John Carroll Lynch
tt1152836,7,2019-02-15,Public Enemies,https://www.imdb.com/title/tt1152836/,movie,7,140,2009,"Action, Biography, Crime, Drama, History",317108,2009-06-18,Michael Mann
tt7664504,7,2019-02-12,Three Identical Strangers,https://www.imdb.com/title/tt7664504/,movie,7.6,96,2018,"Documentary, Biography, Drama, Mystery",38758,2018-01-19,Tim Wardle
tt6294822,7,2019-02-10,The Post,https://www.imdb.com/title/tt6294822/,movie,7.2,116,2017,"Biography, Drama, History, Thriller, War",161066,2017-12-14,Steven Spielberg
tt6155172,6,2019-02-08,Roma,https://www.imdb.com/title/tt6155172/,movie,7.7,135,2018,Drama,168774,2018-08-30,Alfonso Cuarón
tt5052474,5,2019-02-07,Sicario: Day of the Soldado,https://www.imdb.com/title/tt5052474/,movie,7.1,122,2018,"Action, Crime, Drama, Mystery, Thriller",164718,2018-06-18,Stefano Sollima
tt0027977,8,2019-02-05,Modern Times,https://www.imdb.com/title/tt0027977/,movie,8.5,87,1936,"Comedy, Drama, Romance",257435,1936-02-05,Charles Chaplin
tt1727824,5,2019-02-03,Bohemian Rhapsody,https://www.imdb.com/title/tt1727824/,movie,7.9,134,2018,"Biography, Drama, Music",585902,2018-10-23,Bryan Singer
tt3564472,5,2019-01-31,Girls Trip,https://www.imdb.com/title/tt3564472/,movie,6.2,122,2017,"Adventure, Comedy, Drama",40268,2017-07-21,Malcolm D. Lee
tt9412098,5,2019-01-30,Fyre,https://www.imdb.com/title/tt9412098/,movie,7.2,97,2019,"Documentary, Crime, Music",51673,2019-01-18,Chris Smith
tt3398228,6,2019-01-21,BoJack Horseman,https://www.imdb.com/title/tt3398228/,tvSeries,8.8,1982,2014,"Animation, Comedy, Drama",185256,2014-08-22,
tt6644200,5,2019-01-12,A Quiet Place,https://www.imdb.com/title/tt6644200/,movie,7.5,90,2018,"Drama, Horror, Sci-Fi",577270,2018-03-09,John Krasinski
tt4925292,8,2019-01-10,Lady Bird,https://www.imdb.com/title/tt4925292/,movie,7.4,94,2017,"Comedy, Drama",323692,2017-09-01,Greta Gerwig
tt1825683,7,2019-01-09,Black Panther,https://www.imdb.com/title/tt1825683/,movie,7.3,134,2018,"Action, Adventure, Sci-Fi",830940,2018-01-29,Ryan Coogler
tt1242460,7,2019-01-06,We Need to Talk About Kevin,https://www.imdb.com/title/tt1242460/,movie,7.5,112,2011,"Drama, Mystery, Thriller",166546,2011-05-12,Lynne Ramsay
tt0408306,7,2018-12-30,Munich,https://www.imdb.com/title/tt0408306/,movie,7.5,164,2005,"Action, Drama, History, Thriller",237244,2005-12-23,Steven Spielberg
tt1872194,4,2018-12-24,The Judge,https://www.imdb.com/title/tt1872194/,movie,7.4,141,2014,"Crime, Drama, Mystery, Thriller",200490,2014-09-04,David Dobkin
tt5129818,6,2018-12-18,V luchakh solntsa,https://www.imdb.com/title/tt5129818/,movie,7.4,106,2015,Documentary,5007,2015-10-29,Vitaliy Manskiy
tt1389072,5,2018-12-16,Downsizing,https://www.imdb.com/title/tt1389072/,movie,5.8,135,2017,"Drama, Fantasy, Sci-Fi",122307,2017-08-30,Alexander Payne
tt8359848,8,2018-12-11,Climax,https://www.imdb.com/title/tt8359848/,movie,6.9,97,2018,"Drama, Horror, Music, Thriller",78356,2018-05-13,Gaspar Noé
tt3104988,8,2018-11-30,Crazy Rich Asians,https://www.imdb.com/title/tt3104988/,movie,6.9,120,2018,"Comedy, Drama, Romance",188373,2018-08-07,Jon M. Chu
tt0070723,7,2018-11-26,Soylent Green,https://www.imdb.com/title/tt0070723/,movie,7,97,1973,"Crime, Mystery, Sci-Fi, Thriller",70100,1973-04-18,Richard Fleischer
tt4912910,6,2018-11-25,Mission: Impossible - Fallout,https://www.imdb.com/title/tt4912910/,movie,7.7,147,2018,"Action, Adventure, Thriller",374776,2018-07-12,Christopher McQuarrie
tt5278506,8,2018-11-25,Tickled,https://www.imdb.com/title/tt5278506/,movie,7.5,92,2016,"Documentary, Crime, Mystery",20442,2016-01-24,"David Farrier, Dylan Reeve"
tt0092099,6,2018-11-11,Top Gun,https://www.imdb.com/title/tt0092099/,movie,6.9,109,1986,"Action, Drama",497602,1986-05-12,Tony Scott
tt0203009,2,2018-11-09,Moulin Rouge!,https://www.imdb.com/title/tt0203009/,movie,7.6,127,2001,"Drama, Musical, Romance",297798,2001-05-09,Baz Luhrmann
tt0372588,6,2018-11-09,Team America: World Police,https://www.imdb.com/title/tt0372588/,movie,7.2,98,2004,"Action, Comedy",177760,2004-10-11,Trey Parker
tt3606756,7,2018-10-24,Incredibles 2,https://www.imdb.com/title/tt3606756/,movie,7.5,118,2018,"Animation, Action, Adventure, Comedy, Family, Sci-Fi",327566,2018-06-05,Brad Bird
tt0407887,8,2018-10-14,The Departed,https://www.imdb.com/title/tt0407887/,movie,8.5,151,2006,"Crime, Drama, Thriller",1410295,2006-09-26,Martin Scorsese
tt0130827,7,2018-10-11,Lola rennt,https://www.imdb.com/title/tt0130827/,movie,7.7,81,1998,"Action, Crime, Thriller",206053,1998-08-20,Tom Tykwer
tt0099810,7,2018-10-07,The Hunt for Red October,https://www.imdb.com/title/tt0099810/,movie,7.5,135,1990,"Action, Adventure, Thriller",213019,1990-03-02,John McTiernan
tt1817273,6,2018-10-05,The Place Beyond the Pines,https://www.imdb.com/title/tt1817273/,movie,7.3,140,2012,"Crime, Drama, Thriller",288180,2012-09-07,Derek Cianfrance
tt0177242,6,2018-10-03,Sonnenallee,https://www.imdb.com/title/tt0177242/,movie,6.8,101,1999,"Comedy, Drama, Romance",7231,1999-10-07,Leander Haußmann
tt8912280,4,2018-10-03,Starbucks sans filtre,https://www.imdb.com/title/tt8912280/,tvMovie,7.1,94,2018,Documentary,228,2018-08-28,"Gilles Bovon, Luc Hermann"
tt6622186,6,2018-09-29,Ferrari: Race to Immortality,https://www.imdb.com/title/tt6622186/,movie,6.9,91,2017,"Documentary, Sport",1415,2017-10-29,Daryl Goodrich
tt0088258,7,2018-09-21,This Is Spinal Tap,https://www.imdb.com/title/tt0088258/,movie,7.9,82,1984,"Comedy, Music",146393,1984-03-02,Rob Reiner
tt0102926,7,2018-09-07,The Silence of the Lambs,https://www.imdb.com/title/tt0102926/,movie,8.6,118,1991,"Crime, Drama, Thriller",1533501,1991-01-30,Jonathan Demme
tt1210166,7,2018-09-07,Moneyball,https://www.imdb.com/title/tt1210166/,movie,7.6,133,2011,"Biography, Drama, Sport",460346,2011-09-09,Bennett Miller
tt1253863,5,2018-09-07,300: Rise of an Empire,https://www.imdb.com/title/tt1253863/,movie,6.2,102,2014,"Action, Drama, War",314401,2014-03-04,Noam Murro
tt1701976,6,2018-09-07,Urbanized,https://www.imdb.com/title/tt1701976/,movie,7.3,85,2011,Documentary,2301,2011-09-09,Gary Hustwit
tt2763304,6,2018-09-07,T2 Trainspotting,https://www.imdb.com/title/tt2763304/,movie,7.2,117,2017,"Comedy, Crime, Drama",132084,2017-01-22,Danny Boyle
tt5649144,7,2018-09-07,The Florida Project,https://www.imdb.com/title/tt5649144/,movie,7.6,111,2017,Drama,126854,2017-05-22,Sean Baker
tt5463162,5,2018-09-01,Deadpool 2,https://www.imdb.com/title/tt5463162/,movie,7.6,119,2018,"Action, Adventure, Comedy, Sci-Fi",637261,2018-05-01,David Leitch
tt4154756,7,2018-08-22,Avengers: Infinity War,https://www.imdb.com/title/tt4154756/,movie,8.4,149,2018,"Action, Adventure, Sci-Fi",1187868,2018-04-23,"Anthony Russo, Joe Russo"
tt5027774,6,2018-08-19,"Three Billboards Outside Ebbing, Missouri",https://www.imdb.com/title/tt5027774/,movie,8.1,115,2017,"Comedy, Crime, Drama",549755,2017-09-04,Martin McDonagh
tt3606752,5,2018-08-13,Cars 3,https://www.imdb.com/title/tt3606752/,movie,6.7,102,2017,"Animation, Adventure, Comedy, Family, Sport",119398,2017-06-10,Brian Fee
tt0076666,6,2018-07-30,Saturday Night Fever,https://www.imdb.com/title/tt0076666/,movie,6.8,118,1977,"Drama, Music",86733,1977-12-12,John Badham
tt0114814,6,2018-07-28,The Usual Suspects,https://www.imdb.com/title/tt0114814/,movie,8.5,106,1995,"Crime, Drama, Mystery, Thriller",1137744,1995-01-25,Bryan Singer
tt0405094,7,2018-07-23,Das Leben der Anderen,https://www.imdb.com/title/tt0405094/,movie,8.4,137,2006,"Drama, Mystery, Thriller",407676,2006-03-15,Florian Henckel von Donnersmarck
tt0088680,7,2018-07-22,After Hours,https://www.imdb.com/title/tt0088680/,movie,7.6,97,1985,"Comedy, Crime, Drama, Thriller",79771,1985-08-16,Martin Scorsese
tt0040746,8,2018-07-20,Rope,https://www.imdb.com/title/tt0040746/,movie,7.9,80,1948,"Crime, Drama, Mystery, Thriller",152550,1948-08-23,Alfred Hitchcock
tt2283362,6,2018-07-17,Jumanji: Welcome to the Jungle,https://www.imdb.com/title/tt2283362/,movie,6.9,119,2017,"Action, Adventure, Comedy, Fantasy",424381,2017-12-05,Jake Kasdan
tt6573942,4,2018-07-08,Schumanns Bargespräche,https://www.imdb.com/title/tt6573942/,movie,6.5,98,2017,Documentary,98,2017-02-13,Marieke Schroeder
tt2704998,6,2018-07-07,Game Night,https://www.imdb.com/title/tt2704998/,movie,6.9,100,2018,"Action, Adventure, Comedy, Crime, Thriller",253702,2018-02-15,"Jonathan Goldstein, John Francis Daley"
tt5104604,5,2018-06-16,Isle of Dogs,https://www.imdb.com/title/tt5104604/,movie,7.8,101,2018,"Animation, Adventure, Comedy, Drama, Sci-Fi",189078,2018-02-15,Wes Anderson
tt3778644,5,2018-05-27,Solo: A Star Wars Story,https://www.imdb.com/title/tt3778644/,movie,6.9,135,2018,"Action, Adventure, Sci-Fi",376092,2018-05-10,Ron Howard
tt0084553,7,2018-04-30,Purple Haze,https://www.imdb.com/title/tt0084553/,movie,7.1,97,1982,Drama,172,1982-10-31,David Burton Morris
tt4468740,6,2018-03-31,Paddington 2,https://www.imdb.com/title/tt4468740/,movie,7.8,103,2017,"Adventure, Comedy, Family, Fantasy",92695,2017-11-05,Paul King
tt1856101,6,2018-03-30,Blade Runner 2049,https://www.imdb.com/title/tt1856101/,movie,8,164,2017,"Action, Drama, Mystery, Sci-Fi, Thriller",649519,2017-10-03,Denis Villeneuve
tt4276820,5,2018-03-30,The Founder,https://www.imdb.com/title/tt4276820/,movie,7.2,115,2016,"Biography, Drama",174170,2016-11-24,John Lee Hancock
tt6763252,6,2018-03-20,Der Hauptmann,https://www.imdb.com/title/tt6763252/,movie,7.3,118,2017,"Drama, History, Thriller, War",21292,2017-09-07,Robert Schwentke
tt2527336,6,2018-03-18,Star Wars: Episode VIII - The Last Jedi,https://www.imdb.com/title/tt2527336/,movie,6.9,152,2017,"Action, Adventure, Fantasy, Sci-Fi",667283,2017-12-09,Rian Johnson
tt6258718,8,2018-03-14,Bad Banks,https://www.imdb.com/title/tt6258718/,tvSeries,7.8,52,2018,"Crime, Drama, Thriller",6180,2018-02-21,
tt5715874,7,2018-03-11,The Killing of a Sacred Deer,https://www.imdb.com/title/tt5715874/,movie,7,121,2017,"Drama, Horror, Mystery, Thriller",183091,2017-05-22,Yorgos Lanthimos
tt2024469,5,2018-02-23,Non-Stop,https://www.imdb.com/title/tt2024469/,movie,6.9,106,2014,"Action, Mystery, Thriller",275728,2014-01-27,Jaume Collet-Serra
tt5439796,7,2018-02-22,Logan Lucky,https://www.imdb.com/title/tt5439796/,movie,7,118,2017,"Action, Comedy, Crime, Drama",161165,2017-08-07,Steven Soderbergh
tt4425200,7,2018-02-21,John Wick: Chapter 2,https://www.imdb.com/title/tt4425200/,movie,7.4,122,2017,"Action, Crime, Thriller",506685,2017-01-30,Chad Stahelski
tt2911666,7,2018-02-19,John Wick,https://www.imdb.com/title/tt2911666/,movie,7.4,101,2014,"Action, Crime, Thriller",732790,2014-09-19,"David Leitch, Chad Stahelski"
tt1485796,6,2018-01-22,The Greatest Showman,https://www.imdb.com/title/tt1485796/,movie,7.5,105,2017,"Biography, Drama, Musical",307811,2017-12-20,Michael Gracey
tt3335606,5,2018-01-14,Berlin Syndrome,https://www.imdb.com/title/tt3335606/,movie,6.3,116,2017,"Drama, Horror, Mystery, Thriller",27404,2017-01-20,Cate Shortland
tt0033467,8,2018-01-14,Citizen Kane,https://www.imdb.com/title/tt0033467/,movie,8.3,119,1941,"Drama, Mystery",463014,1941-05-01,Orson Welles
tt5723272,6,2018-01-09,Aus dem Nichts,https://www.imdb.com/title/tt5723272/,movie,7.1,106,2017,"Crime, Drama, Thriller",35432,2017-05-26,Fatih Akin
tt0083530,5,2017-12-23,Airplane II: The Sequel,https://www.imdb.com/title/tt0083530/,movie,6.1,85,1982,"Comedy, Sci-Fi",56291,1982-12-10,Ken Finkleman
tt4911940,6,2017-12-20,Tschick,https://www.imdb.com/title/tt4911940/,movie,6.9,93,2016,"Comedy, Drama, Family",10925,2016-09-15,Fatih Akin
tt4877122,2,2017-11-27,The Emoji Movie,https://www.imdb.com/title/tt4877122/,movie,3.4,86,2017,"Animation, Adventure, Comedy, Family, Fantasy, Sci-Fi",70470,2017-07-27,Tony Leondis
tt0071562,8,2017-11-25,The Godfather Part II,https://www.imdb.com/title/tt0071562/,movie,9,202,1974,"Crime, Drama",1352409,1974-12-12,Francis Ford Coppola
tt1502404,6,2017-11-18,Drive Angry,https://www.imdb.com/title/tt1502404/,movie,5.4,104,2011,"Action, Comedy, Fantasy, Thriller",103031,2011-02-24,Patrick Lussier
tt4975722,5,2017-11-17,Moonlight,https://www.imdb.com/title/tt4975722/,movie,7.4,111,2016,Drama,328961,2016-09-02,Barry Jenkins
tt6628364,5,2017-11-06,Le Mans: Racing Is Everything,https://www.imdb.com/title/tt6628364/,tvMiniSeries,7.2,25,2017,"Documentary, Sport",835,2017-06-09,
tt0080339,7,2017-11-05,Airplane!,https://www.imdb.com/title/tt0080339/,movie,7.7,88,1980,Comedy,258537,1980-07-02,"Jim Abrahams, Jerry Zucker, David Zucker"
tt1396484,6,2017-10-30,It,https://www.imdb.com/title/tt1396484/,movie,7.3,135,2017,Horror,599601,2017-09-05,Andy Muschietti
tt0114709,7,2017-10-29,Toy Story,https://www.imdb.com/title/tt0114709/,movie,8.3,81,1995,"Animation, Adventure, Comedy, Family, Fantasy",1059624,1995-11-19,John Lasseter
tt0120363,6,2017-10-29,Toy Story 2,https://www.imdb.com/title/tt0120363/,movie,7.9,92,1999,"Animation, Adventure, Comedy, Family, Fantasy",615213,1999-11-13,"John Lasseter, Lee Unkrich, Ash Brannon"
tt0435761,7,2017-10-29,Toy Story 3,https://www.imdb.com/title/tt0435761/,movie,8.3,103,2010,"Animation, Adventure, Comedy, Family, Fantasy",886069,2010-06-12,Lee Unkrich
tt4649466,7,2017-10-17,Kingsman: The Golden Circle,https://www.imdb.com/title/tt4649466/,movie,6.7,141,2017,"Action, Adventure, Comedy, Crime, Thriller",359594,2017-09-20,Matthew Vaughn
tt1700841,4,2017-10-13,Sausage Party,https://www.imdb.com/title/tt1700841/,movie,6.1,89,2016,"Animation, Adventure, Comedy, Fantasy",208725,2016-03-14,"Conrad Vernon, Greg Tiernan"
tt5075584,7,2017-10-06,Lommbock,https://www.imdb.com/title/tt5075584/,movie,6.6,91,2017,Comedy,4018,2017-03-23,Christian Zübert
tt0126765,8,2017-09-25,23 - Nichts ist so wie es scheint,https://www.imdb.com/title/tt0126765/,movie,7.2,99,1998,"Drama, Thriller",7251,1998-07-02,Hans-Christian Schmid
tt2406566,6,2017-09-13,Atomic Blonde,https://www.imdb.com/title/tt2406566/,movie,6.7,115,2017,"Action, Thriller",205280,2017-03-12,David Leitch
tt3640710,7,2017-08-31,Kim Dotcom: Caught in the Web,https://www.imdb.com/title/tt3640710/,movie,7,107,2017,"Documentary, Biography, Thriller",1408,2017-03-13,Annie Goldson
tt6802522,8,2017-08-25,WEIT. Die Geschichte von einem Weg um die Welt,https://www.imdb.com/title/tt6802522/,movie,8.2,128,2017,"Documentary, Adventure",1234,2017-03-27,"Patrick Allgaier, Gwendolin Weisser"
tt3416828,6,2017-08-21,Ice Age: Collision Course,https://www.imdb.com/title/tt3416828/,movie,5.7,94,2016,"Animation, Adventure, Comedy, Family, Sci-Fi",73997,2016-06-19,"Michael Thurmeier, Galen T. Chu"
tt3890160,6,2017-08-16,Baby Driver,https://www.imdb.com/title/tt3890160/,movie,7.5,113,2017,"Action, Crime, Drama, Music",601141,2017-03-11,Edgar Wright
tt4139124,6,2017-08-13,Keanu,https://www.imdb.com/title/tt4139124/,movie,6.2,100,2016,"Action, Comedy, Crime",51731,2016-03-13,Peter Atencio
tt3469046,5,2017-08-01,Despicable Me 3,https://www.imdb.com/title/tt3469046/,movie,6.2,89,2017,"Animation, Adventure, Comedy, Crime, Family, Sci-Fi",151705,2017-06-14,"Eric Guillon, Kyle Balda, Pierre Coffin"
tt5013056,10,2017-07-31,Dunkirk,https://www.imdb.com/title/tt5013056/,movie,7.8,106,2017,"Action, Drama, History, Thriller, War",731014,2017-07-13,Christopher Nolan
tt0109842,7,2017-07-14,Fresh,https://www.imdb.com/title/tt0109842/,movie,7.5,114,1994,"Crime, Drama, Thriller",14469,1994-01-31,Boaz Yakin
tt2820852,5,2017-07-09,Fast & Furious 7,https://www.imdb.com/title/tt2820852/,movie,7.1,137,2015,"Action, Crime, Thriller",412475,2015-03-16,James Wan
tt4362646,6,2017-07-09,Golden Years,https://www.imdb.com/title/tt4362646/,movie,6.1,96,2016,"Action, Comedy, Crime, Drama",1304,2016-04-29,John Miller
tt4116284,5,2017-07-04,The Lego Batman Movie,https://www.imdb.com/title/tt4116284/,movie,7.3,104,2017,"Animation, Action, Adventure, Comedy, Family, Fantasy, Sci-Fi",170672,2017-02-01,Chris McKay
tt2359024,5,2017-07-03,Blue Ruin,https://www.imdb.com/title/tt2359024/,movie,7.1,90,2013,"Crime, Drama, Thriller",78387,2013-05-17,Jeremy Saulnier
tt3717490,5,2017-06-13,Power Rangers,https://www.imdb.com/title/tt3717490/,movie,5.9,124,2017,"Action, Adventure, Fantasy, Sci-Fi",113414,2017-03-22,Dean Israelite
tt3315342,5,2017-06-05,Logan,https://www.imdb.com/title/tt3315342/,movie,8.1,137,2017,"Action, Drama, Sci-Fi, Thriller",822300,2017-02-17,James Mangold
tt0455275,5,2017-06-01,Prison Break,https://www.imdb.com/title/tt0455275/,tvSeries,8.3,44,2005,"Action, Crime, Drama, Mystery, Thriller",574402,2005-08-29,
tt1355683,5,2017-05-12,Black Mass,https://www.imdb.com/title/tt1355683/,movie,6.9,123,2015,"Biography, Crime, Drama",191299,2015-09-04,Scott Cooper
tt1392214,7,2017-05-07,Prisoners,https://www.imdb.com/title/tt1392214/,movie,8.1,153,2013,"Crime, Drama, Mystery, Thriller",797839,2013-08-30,Denis Villeneuve
tt2140479,5,2017-04-30,The Accountant,https://www.imdb.com/title/tt2140479/,movie,7.3,128,2016,"Action, Crime, Drama, Mystery, Thriller",316436,2016-10-03,Gavin O'Connor
tt3640424,7,2017-04-28,Allied,https://www.imdb.com/title/tt3640424/,movie,7.1,124,2016,"Action, Drama, Romance, Thriller, War",167810,2016-11-13,Robert Zemeckis
tt0390384,7,2017-04-17,Primer,https://www.imdb.com/title/tt0390384/,movie,6.7,77,2004,"Drama, Sci-Fi, Thriller",113463,2004-01-16,Shane Carruth
tt0180093,9,2017-04-13,Requiem for a Dream,https://www.imdb.com/title/tt0180093/,movie,8.3,102,2000,Drama,892100,2000-05-14,Darren Aronofsky
tt5700672,4,2017-03-19,Busanhaeng,https://www.imdb.com/title/tt5700672/,movie,7.6,118,2016,"Action, Horror, Thriller",253926,2016-05-13,Yeon Sang-ho
tt2461150,6,2017-03-06,Masterminds,https://www.imdb.com/title/tt2461150/,movie,5.8,95,2015,"Biography, Comedy, Crime",58765,2015-09-03,Jared Hess
tt0114746,8,2017-02-26,Twelve Monkeys,https://www.imdb.com/title/tt0114746/,movie,8,129,1995,"Mystery, Sci-Fi, Thriller",643351,1995-12-08,Terry Gilliam
tt1398426,7,2017-02-19,Straight Outta Compton,https://www.imdb.com/title/tt1398426/,movie,7.8,147,2015,"Biography, Drama, History, Music",216720,2015-08-11,F. Gary Gray
tt2277860,5,2017-02-12,Finding Dory,https://www.imdb.com/title/tt2277860/,movie,7.2,97,2016,"Animation, Adventure, Comedy, Family",300353,2016-06-08,"Andrew Stanton, Angus MacLane"
tt0082096,7,2017-02-12,Das Boot,https://www.imdb.com/title/tt0082096/,movie,8.4,149,1981,"Drama, War",262755,1981-09-17,Wolfgang Petersen
tt4034228,9,2017-02-10,Manchester by the Sea,https://www.imdb.com/title/tt4034228/,movie,7.8,137,2016,Drama,309554,2016-01-23,Kenneth Lonergan
tt2582782,7,2017-01-15,Hell or High Water,https://www.imdb.com/title/tt2582782/,movie,7.6,102,2016,"Crime, Drama, Thriller, Western",250222,2016-05-16,David Mackenzie
tt1860357,6,2017-01-01,Deepwater Horizon,https://www.imdb.com/title/tt1860357/,movie,7.1,107,2016,"Action, Drama, History, Thriller",180581,2016-09-13,Peter Berg
tt0038650,9,2016-12-24,It's a Wonderful Life,https://www.imdb.com/title/tt0038650/,movie,8.6,130,1946,"Drama, Family, Fantasy, Romance",495809,1946-12-20,Frank Capra
tt5680442,7,2016-12-18,Terror - Ihr Urteil,https://www.imdb.com/title/tt5680442/,tvMovie,7.3,95,2016,Drama,1317,2016-10-06,Lars Kraume
tt3748528,8,2016-12-17,Rogue One,https://www.imdb.com/title/tt3748528/,movie,7.8,133,2016,"Action, Adventure, Sci-Fi",681064,2016-12-10,Gareth Edwards
tt2543164,9,2016-12-12,Arrival,https://www.imdb.com/title/tt2543164/,movie,7.9,116,2016,"Drama, Mystery, Sci-Fi",756797,2016-09-01,Denis Villeneuve
tt3850590,5,2016-12-10,Krampus,https://www.imdb.com/title/tt3850590/,movie,6.2,98,2015,"Comedy, Fantasy, Horror",83758,2015-11-30,Michael Dougherty
tt3263904,6,2016-12-03,Sully,https://www.imdb.com/title/tt3263904/,movie,7.4,96,2016,"Biography, Drama",295667,2016-09-02,Clint Eastwood
tt0264464,7,2016-11-27,Catch Me If You Can,https://www.imdb.com/title/tt0264464/,movie,8.1,141,2002,"Biography, Crime, Drama",1081842,2002-12-16,Steven Spielberg
tt2241351,6,2016-11-26,Money Monster,https://www.imdb.com/title/tt2241351/,movie,6.5,98,2016,"Action, Crime, Drama, Mystery, Thriller",104500,2016-05-12,Jodie Foster
tt4176826,6,2016-11-26,Er ist wieder da,https://www.imdb.com/title/tt4176826/,movie,7,116,2015,"Comedy, Drama, Fantasy",49205,2015-10-08,David Wnendt
tt0259446,6,2016-11-17,My Big Fat Greek Wedding,https://www.imdb.com/title/tt0259446/,movie,6.6,95,2002,"Comedy, Drama, Romance",143765,2002-02-22,Joel Zwick
tt0264935,5,2016-11-17,Murder by Numbers,https://www.imdb.com/title/tt0264935/,movie,6.2,115,2002,"Crime, Mystery, Thriller",62024,2002-04-19,Barbet Schroeder
tt2379713,5,2016-10-16,Spectre,https://www.imdb.com/title/tt2379713/,movie,6.8,148,2015,"Action, Adventure, Thriller",463490,2015-10-26,Sam Mendes
tt0121210,8,2016-10-04,Der 90. Geburtstag oder Dinner for One,https://www.imdb.com/title/tt0121210/,tvShort,8,18,1963,"Short, Comedy",7926,1963-05-31,"Heinz Dunkhase, Franco Marazzi"
tt1411697,6,2016-10-04,The Hangover Part II,https://www.imdb.com/title/tt1411697/,movie,6.5,102,2011,Comedy,530571,2011-05-19,Todd Phillips
tt0149460,9,2016-10-04,Futurama,https://www.imdb.com/title/tt0149460/,tvSeries,8.5,22,1999,"Animation, Adventure, Comedy, Sci-Fi",258980,1999-03-28,
tt1856010,9,2016-10-04,House of Cards,https://www.imdb.com/title/tt1856010/,tvSeries,8.6,3804,2013,Drama,527970,2013-02-01,
tt0185906,10,2016-10-04,Band of Brothers,https://www.imdb.com/title/tt0185906/,tvMiniSeries,9.4,594,2001,"Drama, History, War",518508,2001-09-09,
tt2861424,9,2016-10-04,Rick and Morty,https://www.imdb.com/title/tt2861424/,tvSeries,9.1,23,2013,"Animation, Adventure, Comedy, Sci-Fi",593833,2013-12-02,
tt3032476,9,2016-10-04,Better Call Saul,https://www.imdb.com/title/tt3032476/,tvSeries,9,3154,2015,"Crime, Drama",635628,2015-02-08,
tt4574334,9,2016-10-04,Stranger Things,https://www.imdb.com/title/tt4574334/,tvSeries,8.7,51,2016,"Drama, Fantasy, Horror, Mystery, Sci-Fi, Thriller",1318362,2016-07-11,
tt0790636,8,2016-10-04,Dallas Buyers Club,https://www.imdb.com/title/tt0790636/,movie,7.9,117,2013,"Biography, Drama",515590,2013-09-07,Jean-Marc Vallée
tt0903747,10,2016-10-04,Breaking Bad,https://www.imdb.com/title/tt0903747/,tvSeries,9.5,45,2008,"Crime, Drama, Thriller",2107067,2008-01-20,
tt3774114,7,2016-10-02,Snowden,https://www.imdb.com/title/tt3774114/,movie,7.3,134,2016,"Biography, Crime, Drama, Thriller",161882,2016-07-21,Oliver Stone
tt1860213,4,2016-09-28,Dirty Grandpa,https://www.imdb.com/title/tt1860213/,movie,5.9,102,2016,Comedy,132340,2016-01-20,Dan Mazer
tt0139654,7,2016-09-25,Training Day,https://www.imdb.com/title/tt0139654/,movie,7.7,122,2001,"Crime, Drama, Thriller",468844,2001-09-02,Antoine Fuqua
tt2481480,6,2016-09-25,Rob the Mob,https://www.imdb.com/title/tt2481480/,movie,6.3,104,2014,"Biography, Crime, Drama",11719,2014-03-15,Raymond De Felitta
tt1399664,6,2016-09-22,The Night Manager,https://www.imdb.com/title/tt1399664/,tvSeries,8,346,2016,"Crime, Drama, Mystery, Thriller",101643,2016-02-21,
tt3381008,6,2016-09-03,Grimsby,https://www.imdb.com/title/tt3381008/,movie,6.2,83,2016,"Action, Adventure, Comedy, Crime",110363,2016-02-24,Louis Leterrier
tt2401256,9,2016-08-30,The Night Of,https://www.imdb.com/title/tt2401256/,tvMiniSeries,8.4,525,2016,"Crime, Drama, Mystery",169704,2016-06-24,
tt2802144,8,2016-08-28,Kingsman: The Secret Service,https://www.imdb.com/title/tt2802144/,movie,7.7,129,2014,"Action, Adventure, Comedy, Thriller",710712,2014-12-13,Matthew Vaughn
tt3040964,7,2016-08-14,The Jungle Book,https://www.imdb.com/title/tt3040964/,movie,7.4,106,2016,"Animation, Action, Adventure, Drama, Family, Fantasy, Musical",290595,2016-04-04,Jon Favreau
tt1289401,6,2016-08-08,Ghostbusters,https://www.imdb.com/title/tt1289401/,movie,6.8,117,2016,"Action, Comedy, Fantasy, Sci-Fi",243101,2016-07-09,Paul Feig
tt1109624,6,2016-07-26,Paddington,https://www.imdb.com/title/tt1109624/,movie,7.3,95,2014,"Adventure, Comedy, Family, Fantasy",132114,2014-11-23,Paul King
tt0780504,6,2016-07-23,Drive,https://www.imdb.com/title/tt0780504/,movie,7.8,100,2011,"Action, Drama",698472,2011-05-20,Nicolas Winding Refn
tt4048272,8,2016-07-17,Toni Erdmann,https://www.imdb.com/title/tt4048272/,movie,7.3,162,2016,"Comedy, Drama",51382,2016-05-14,Maren Ade
tt1285016,5,2016-07-04,The Social Network,https://www.imdb.com/title/tt1285016/,movie,7.8,120,2010,"Biography, Drama",752533,2010-09-24,David Fincher
tt1721677,8,2016-07-04,Fastest,https://www.imdb.com/title/tt1721677/,movie,7.7,111,2011,"Documentary, Action, Sport",2390,2011-09-20,Mark Neale
tt2294629,3,2016-07-04,Frozen,https://www.imdb.com/title/tt2294629/,movie,7.4,102,2013,"Animation, Adventure, Comedy, Family, Fantasy, Musical",659525,2013-11-10,"Jennifer Lee, Chris Buck"
tt1596363,7,2016-07-03,The Big Short,https://www.imdb.com/title/tt1596363/,movie,7.8,130,2015,"Biography, Comedy, Drama, History",478688,2015-11-12,Adam McKay
tt1007029,2,2016-06-24,The Iron Lady,https://www.imdb.com/title/tt1007029/,movie,6.4,105,2011,"Biography, Drama",113234,2011-12-26,Phyllida Lloyd
tt1010048,6,2016-06-24,Slumdog Millionaire,https://www.imdb.com/title/tt1010048/,movie,8,120,2008,"Crime, Drama, Romance",873804,2008-08-30,"Loveleen Tandan, Danny Boyle"
tt1024648,7,2016-06-24,Argo,https://www.imdb.com/title/tt1024648/,movie,7.7,120,2012,"Biography, Drama, Thriller",636305,2012-08-31,Ben Affleck
tt1028528,5,2016-06-24,Death Proof,https://www.imdb.com/title/tt1028528/,movie,7,127,2007,"Action, Thriller",311555,2007-05-22,Quentin Tarantino
tt1038919,1,2016-06-24,The Bounty Hunter,https://www.imdb.com/title/tt1038919/,movie,5.5,110,2010,"Action, Comedy, Romance",133839,2010-03-11,Andy Tennant
tt1049413,9,2016-06-24,Up,https://www.imdb.com/title/tt1049413/,movie,8.3,96,2009,"Animation, Adventure, Comedy, Drama, Family",1114386,2009-05-13,"Pete Docter, Bob Peterson"
tt0105236,4,2016-06-24,Reservoir Dogs,https://www.imdb.com/title/tt0105236/,movie,8.3,99,1992,"Crime, Thriller",1079749,1992-01-21,Quentin Tarantino
tt1054580,4,2016-06-24,Desert Flower,https://www.imdb.com/title/tt1054580/,movie,7.3,120,2009,"Biography, Drama",14103,2009-09-05,Sherry Hormann
tt1055369,2,2016-06-24,Transformers: Revenge of the Fallen,https://www.imdb.com/title/tt1055369/,movie,6,149,2009,"Action, Adventure, Sci-Fi",426103,2009-06-08,Michael Bay
tt1064932,8,2016-06-24,Bienvenue chez les Ch'tis,https://www.imdb.com/title/tt1064932/,movie,7.1,106,2008,"Comedy, Romance",44732,2008-01-17,Dany Boon
tt1065073,10,2016-06-24,Boyhood,https://www.imdb.com/title/tt1065073/,movie,7.9,165,2014,Drama,365843,2014-01-19,Richard Linklater
tt1067583,8,2016-06-24,Water for Elephants,https://www.imdb.com/title/tt1067583/,movie,6.9,122,2011,"Drama, Romance",120067,2011-04-15,Francis Lawrence
tt0107290,7,2016-06-24,Jurassic Park,https://www.imdb.com/title/tt0107290/,movie,8.2,127,1993,"Action, Adventure, Sci-Fi, Thriller",1057403,1993-06-09,Steven Spielberg
tt1074638,4,2016-06-24,Skyfall,https://www.imdb.com/title/tt1074638/,movie,7.8,143,2012,"Action, Adventure, Thriller",727220,2012-10-23,Sam Mendes
tt0107554,4,2016-06-24,Menace II Society,https://www.imdb.com/title/tt0107554/,movie,7.5,97,1993,"Crime, Drama, Thriller",63956,1993-05-26,"Allen Hughes, Albert Hughes"
tt0108052,10,2016-06-24,Schindler's List,https://www.imdb.com/title/tt0108052/,movie,9,195,1993,"Biography, Drama, History",1437296,1993-11-30,Steven Spielberg
tt1083452,3,2016-06-24,Eddie the Eagle,https://www.imdb.com/title/tt1083452/,movie,7.3,106,2015,"Adventure, Biography, Comedy, Drama, History, Sport",99588,2015-12-12,Dexter Fletcher
tt1092026,4,2016-06-24,Paul,https://www.imdb.com/title/tt1092026/,movie,6.9,104,2011,"Adventure, Comedy, Sci-Fi",264946,2011-02-07,Greg Mottola
tt1095217,6,2016-06-24,The Bad Lieutenant: Port of Call - New Orleans,https://www.imdb.com/title/tt1095217/,movie,6.6,122,2009,"Crime, Drama, Mystery",80582,2009-09-04,Werner Herzog
tt0110413,9,2016-06-24,Léon,https://www.imdb.com/title/tt0110413/,movie,8.5,110,1994,"Action, Crime, Drama, Thriller",1235014,1994-09-14,Luc Besson
tt0110632,7,2016-06-24,Natural Born Killers,https://www.imdb.com/title/tt0110632/,movie,7.2,119,1994,"Action, Crime, Romance",250076,1994-08-26,Oliver Stone
tt0110912,10,2016-06-24,Pulp Fiction,https://www.imdb.com/title/tt0110912/,movie,8.9,154,1994,"Crime, Drama",2197212,1994-05-21,Quentin Tarantino
tt0111161,10,2016-06-24,The Shawshank Redemption,https://www.imdb.com/title/tt0111161/,movie,9.3,142,1994,Drama,2861352,1994-09-10,Frank Darabont
tt1114740,4,2016-06-24,Paul Blart: Mall Cop,https://www.imdb.com/title/tt1114740/,movie,5.3,91,2009,"Action, Comedy, Crime, Family",116799,2009-01-06,Steve Carr
tt1116184,5,2016-06-24,Jackass 3D,https://www.imdb.com/title/tt1116184/,movie,7,94,2010,"Documentary, Action, Comedy",68513,2010-10-11,Jeff Tremaine
tt1119646,6,2016-06-24,The Hangover,https://www.imdb.com/title/tt1119646/,movie,7.7,100,2009,Comedy,838366,2009-05-30,Todd Phillips
tt0112442,5,2016-06-24,Bad Boys,https://www.imdb.com/title/tt0112442/,movie,6.8,119,1995,"Action, Comedy, Crime, Thriller",283879,1995-04-06,Michael Bay
tt0112641,9,2016-06-24,Casino,https://www.imdb.com/title/tt0112641/,movie,8.2,178,1995,"Crime, Drama",558840,1995-11-14,Martin Scorsese
tt0112864,6,2016-06-24,Die Hard with a Vengeance,https://www.imdb.com/title/tt0112864/,movie,7.6,128,1995,"Action, Adventure, Thriller",406147,1995-05-15,John McTiernan
tt1130080,2,2016-06-24,The Informant!,https://www.imdb.com/title/tt1130080/,movie,6.5,108,2009,"Biography, Comedy, Crime, Drama",67181,2009-09-07,Steven Soderbergh
tt1130884,10,2016-06-24,Shutter Island,https://www.imdb.com/title/tt1130884/,movie,8.2,138,2010,"Mystery, Thriller",1438133,2010-02-13,Martin Scorsese
tt0113540,5,2016-06-24,Kids,https://www.imdb.com/title/tt0113540/,movie,7,91,1995,Drama,84051,1995-01-31,Larry Clark
tt1136608,6,2016-06-24,District 9,https://www.imdb.com/title/tt1136608/,movie,7.9,112,2009,"Action, Sci-Fi, Thriller",712947,2009-08-13,Neill Blomkamp
tt0114369,9,2016-06-24,Se7en,https://www.imdb.com/title/tt0114369/,movie,8.6,127,1995,"Crime, Drama, Mystery, Thriller",1779766,1995-09-15,David Fincher
tt1156398,5,2016-06-24,Zombieland,https://www.imdb.com/title/tt1156398/,movie,7.5,88,2009,"Action, Comedy, Horror",616326,2009-09-25,Ruben Fleischer
tt0115641,2,2016-06-24,Beavis and Butt-Head Do America,https://www.imdb.com/title/tt0115641/,movie,6.8,81,1996,"Animation, Adventure, Comedy, Crime, Music",60197,1996-12-15,"Mike de Seve, Yvette Kaplan, Brian Mulroney, Mike Judge"
tt0116282,8,2016-06-24,Fargo,https://www.imdb.com/title/tt0116282/,movie,8.1,98,1996,"Crime, Thriller",720424,1996-03-08,"Joel Coen, Ethan Coen"
tt0117951,9,2016-06-24,Trainspotting,https://www.imdb.com/title/tt0117951/,movie,8.1,93,1996,Drama,721112,1996-02-23,Danny Boyle
tt1181927,4,2016-06-24,Der Knochenmann,https://www.imdb.com/title/tt1181927/,movie,7.4,127,2009,"Comedy, Crime, Thriller",4891,2009-02-09,Wolfgang Murnberger
tt1183911,5,2016-06-24,Mr. Nice,https://www.imdb.com/title/tt1183911/,movie,6.3,121,2010,"Biography, Comedy, Crime, Drama",7892,2010-03-14,Bernard Rose
tt0118689,2,2016-06-24,Bean,https://www.imdb.com/title/tt0118689/,movie,6.5,89,1997,"Adventure, Comedy, Family",110340,1997-07-03,Mel Smith
tt0118715,8,2016-06-24,The Big Lebowski,https://www.imdb.com/title/tt0118715/,movie,8.1,117,1998,"Comedy, Crime",854405,1998-01-18,"Joel Coen, Ethan Coen"
tt1191111,10,2016-06-24,Enter the Void,https://www.imdb.com/title/tt1191111/,movie,7.2,161,2009,"Drama, Fantasy",87361,2009-05-22,Gaspar Noé
tt0119174,6,2016-06-24,The Game,https://www.imdb.com/title/tt0119174/,movie,7.7,129,1997,"Drama, Mystery, Thriller",425700,1997-09-03,David Fincher
tt1193138,6,2016-06-24,Up in the Air,https://www.imdb.com/title/tt1193138/,movie,7.4,109,2009,"Comedy, Drama, Romance",348234,2009-09-05,Jason Reitman
tt0119488,9,2016-06-24,L.A. Confidential,https://www.imdb.com/title/tt0119488/,movie,8.2,138,1997,"Crime, Drama, Mystery, Thriller",613419,1997-05-14,Curtis Hanson
tt1201167,6,2016-06-24,Funny People,https://www.imdb.com/title/tt1201167/,movie,6.3,146,2009,"Comedy, Drama",123313,2009-07-20,Judd Apatow
tt1204975,3,2016-06-24,Last Vegas,https://www.imdb.com/title/tt1204975/,movie,6.6,105,2013,Comedy,136521,2013-10-31,Jon Turteltaub
tt1205489,8,2016-06-24,Gran Torino,https://www.imdb.com/title/tt1205489/,movie,8.1,116,2008,Drama,810314,2008-12-09,Clint Eastwood
tt0120586,7,2016-06-24,American History X,https://www.imdb.com/title/tt0120586/,movie,8.5,119,1998,"Crime, Drama",1178443,1998-07-01,Tony Kaye
tt0120630,4,2016-06-24,Chicken Run,https://www.imdb.com/title/tt0120630/,movie,7.1,84,2000,"Animation, Adventure, Comedy, Drama, Family",210954,2000-06-17,"Peter Lord, Nick Park"
tt0120667,4,2016-06-24,Fantastic Four,https://www.imdb.com/title/tt0120667/,movie,5.7,106,2005,"Action, Adventure, Fantasy, Sci-Fi",342337,2005-06-29,Tim Story
tt0120669,9,2016-06-24,Fear and Loathing in Las Vegas,https://www.imdb.com/title/tt0120669/,movie,7.5,118,1998,"Adventure, Comedy, Drama",299753,1998-05-15,Terry Gilliam
tt0120735,7,2016-06-24,"Lock, Stock and Two Smoking Barrels",https://www.imdb.com/title/tt0120735/,movie,8.1,107,1998,"Action, Comedy, Crime",612142,1998-08-23,Guy Ritchie
tt0120737,8,2016-06-24,The Lord of the Rings: The Fellowship of the Ring,https://www.imdb.com/title/tt0120737/,movie,8.9,178,2001,"Action, Adventure, Drama, Fantasy",1987648,2001-12-10,Peter Jackson
tt0120815,8,2016-06-24,Saving Private Ryan,https://www.imdb.com/title/tt0120815/,movie,8.6,169,1998,"Drama, War",1483359,1998-07-21,Steven Spielberg
tt0120915,6,2016-06-24,Star Wars: Episode I - The Phantom Menace,https://www.imdb.com/title/tt0120915/,movie,6.5,136,1999,"Action, Adventure, Fantasy, Sci-Fi",850098,1999-05-16,George Lucas
tt1213644,1,2016-06-24,Disaster Movie,https://www.imdb.com/title/tt1213644/,movie,1.9,87,2008,"Comedy, Sci-Fi",94287,2008-08-29,"Jason Friedberg, Aaron Seltzer"
tt1216475,4,2016-06-24,Cars 2,https://www.imdb.com/title/tt1216475/,movie,6.2,106,2011,"Animation, Adventure, Comedy, Crime, Family, Mystery, Sci-Fi, Sport",214542,2011-06-18,"John Lasseter, Bradford Lewis"
tt0121765,6,2016-06-24,Star Wars: Episode II - Attack of the Clones,https://www.imdb.com/title/tt0121765/,movie,6.6,142,2002,"Action, Adventure, Fantasy, Sci-Fi",753100,2002-05-12,George Lucas
tt1220634,1,2016-06-24,Resident Evil: Afterlife,https://www.imdb.com/title/tt1220634/,movie,5.8,96,2010,"Action, Horror, Sci-Fi",178314,2010-09-02,Paul W.S. Anderson
tt1229340,2,2016-06-24,Anchorman 2: The Legend Continues,https://www.imdb.com/title/tt1229340/,movie,6.3,119,2013,Comedy,191465,2013-11-24,Adam McKay
tt1241325,8,2016-06-24,Objectified,https://www.imdb.com/title/tt1241325/,movie,7,75,2009,Documentary,3710,2009-03-14,Gary Hustwit
tt1250777,8,2016-06-24,Kick-Ass,https://www.imdb.com/title/tt1250777/,movie,7.6,117,2010,"Action, Comedy, Crime",589859,2010-03-12,Matthew Vaughn
tt1251757,1,2016-06-24,Middle Men,https://www.imdb.com/title/tt1251757/,movie,6.8,105,2009,"Comedy, Crime, Drama",38295,2009-05-17,George Gallo
tt1261954,1,2016-06-24,Take Me Home,https://www.imdb.com/title/tt1261954/,movie,6.8,97,2011,"Comedy, Romance",7851,2011-04-19,Sam Jaeger
tt1277953,4,2016-06-24,Madagascar 3: Europe's Most Wanted,https://www.imdb.com/title/tt1277953/,movie,6.8,95,2012,"Animation, Adventure, Comedy, Family",196211,2012-05-18,"Conrad Vernon, Tom McGrath, Eric Darnell"
tt1279935,2,2016-06-24,Date Night,https://www.imdb.com/title/tt1279935/,movie,6.3,88,2010,"Comedy, Crime, Romance, Thriller",171345,2010-04-06,Shawn Levy
tt1284575,2,2016-06-24,Bad Teacher,https://www.imdb.com/title/tt1284575/,movie,5.7,92,2011,"Comedy, Romance",211634,2011-06-17,Jake Kasdan
tt1291150,3,2016-06-24,Teenage Mutant Ninja Turtles,https://www.imdb.com/title/tt1291150/,movie,5.8,101,2014,"Action, Adventure, Comedy, Sci-Fi",219149,2014-08-03,Jonathan Liebesman
tt1300854,4,2016-06-24,Iron Man Three,https://www.imdb.com/title/tt1300854/,movie,7.1,130,2013,"Action, Adventure, Sci-Fi",893560,2013-04-14,Shane Black
tt1320253,3,2016-06-24,The Expendables,https://www.imdb.com/title/tt1320253/,movie,6.4,103,2010,"Action, Adventure, Thriller",362975,2010-08-03,Sylvester Stallone
tt1323594,5,2016-06-24,Despicable Me,https://www.imdb.com/title/tt1323594/,movie,7.6,95,2010,"Animation, Adventure, Comedy, Crime, Family, Sci-Fi",579713,2010-06-20,"Chris Renaud, Pierre Coffin"
tt0133093,6,2016-06-24,The Matrix,https://www.imdb.com/title/tt0133093/,movie,8.7,136,1999,"Action, Sci-Fi",2032957,1999-03-24,"Lilly Wachowski, Lana Wachowski"
tt1340800,1,2016-06-24,Tinker Tailor Soldier Spy,https://www.imdb.com/title/tt1340800/,movie,7,127,2011,"Drama, Mystery, Thriller",211372,2011-09-05,Tomas Alfredson
tt1343092,5,2016-06-24,The Great Gatsby,https://www.imdb.com/title/tt1343092/,movie,7.2,143,2013,"Drama, Romance",591500,2013-05-01,Baz Luhrmann
tt1343704,1,2016-06-24,Zeiten ändern Dich,https://www.imdb.com/title/tt1343704/,movie,3.1,94,2010,"Biography, Drama, Music",5682,2010-02-04,Uli Edel
tt1345836,6,2016-06-24,The Dark Knight Rises,https://www.imdb.com/title/tt1345836/,movie,8.4,164,2012,"Action, Drama, Thriller",1810957,2012-07-16,Christopher Nolan
tt1360767,2,2016-06-24,A Dangerous Man,https://www.imdb.com/title/tt1360767/,video,4.9,94,2009,"Action, Crime, Thriller",5025,2009-12-28,Keoni Waxman
tt0137523,10,2016-06-24,Fight Club,https://www.imdb.com/title/tt0137523/,movie,8.8,139,1999,Drama,2296676,1999-09-10,David Fincher
tt1375666,9,2016-06-24,Inception,https://www.imdb.com/title/tt1375666/,movie,8.8,148,2010,"Action, Adventure, Sci-Fi, Thriller",2524164,2010-07-08,Christopher Nolan
tt1385826,1,2016-06-24,The Adjustment Bureau,https://www.imdb.com/title/tt1385826/,movie,7,106,2011,"Crime, Drama, Mystery, Romance, Sci-Fi, Thriller",269130,2011-02-14,George Nolfi
tt1385867,4,2016-06-24,Cop Out,https://www.imdb.com/title/tt1385867/,movie,5.5,107,2010,"Action, Comedy, Crime",90168,2010-02-22,Kevin Smith
tt1386588,2,2016-06-24,The Other Guys,https://www.imdb.com/title/tt1386588/,movie,6.6,107,2010,"Action, Comedy, Crime, Thriller",286292,2010-08-02,Adam McKay
tt1392190,10,2016-06-24,Mad Max: Fury Road,https://www.imdb.com/title/tt1392190/,movie,8.1,120,2015,"Action, Adventure, Sci-Fi, Thriller",1074489,2015-05-07,George Miller
tt0139239,4,2016-06-24,Go,https://www.imdb.com/title/tt0139239/,movie,7.2,102,1999,"Comedy, Crime",74683,1999-02-20,Doug Liman
tt1397280,1,2016-06-24,Taken 2,https://www.imdb.com/title/tt1397280/,movie,6.2,92,2012,"Action, Crime, Thriller",321094,2012-09-07,Olivier Megaton
tt1416801,5,2016-06-24,Kill the Irishman,https://www.imdb.com/title/tt1416801/,movie,7,106,2011,"Biography, Crime, Drama",50951,2011-03-11,Jonathan Hensleigh
tt1424432,10,2016-06-24,Senna,https://www.imdb.com/title/tt1424432/,movie,8.5,106,2010,"Documentary, Biography, Sport",75230,2010-10-07,Asif Kapadia
tt1426329,3,2016-06-24,Lovelace,https://www.imdb.com/title/tt1426329/,movie,6.2,93,2013,"Biography, Drama",42586,2013-01-22,"Jeffrey Friedman, Rob Epstein"
tt1431045,7,2016-06-24,Deadpool,https://www.imdb.com/title/tt1431045/,movie,8,108,2016,"Action, Comedy",1113459,2016-01-21,Tim Miller
tt0144084,6,2016-06-24,American Psycho,https://www.imdb.com/title/tt0144084/,movie,7.6,102,2000,"Crime, Drama, Horror",704842,2000-01-21,Mary Harron
tt1454468,8,2016-06-24,Gravity,https://www.imdb.com/title/tt1454468/,movie,7.7,91,2013,"Drama, Sci-Fi, Thriller",858853,2013-08-28,Alfonso Cuarón
tt1462758,3,2016-06-24,Buried,https://www.imdb.com/title/tt1462758/,movie,7,95,2010,"Drama, Mystery, Thriller",167788,2010-01-23,Rodrigo Cortés
tt1490017,8,2016-06-24,The Lego Movie,https://www.imdb.com/title/tt1490017/,movie,7.7,100,2014,"Animation, Action, Adventure, Comedy, Family, Fantasy, Sci-Fi",385401,2014-02-01,"Christopher Miller, Phil Lord"
tt1499658,2,2016-06-24,Horrible Bosses,https://www.imdb.com/title/tt1499658/,movie,6.9,98,2011,"Comedy, Crime",467337,2011-06-30,Seth Gordon
tt1500491,2,2016-06-24,Death Race 2,https://www.imdb.com/title/tt1500491/,video,5.6,100,2010,"Action, Crime, Sci-Fi, Thriller",34499,2010-12-27,Roel Reiné
tt1504320,8,2016-06-24,The King's Speech,https://www.imdb.com/title/tt1504320/,movie,8,118,2010,"Biography, Drama, History",704880,2010-09-06,Tom Hooper
tt1515091,7,2016-06-24,Sherlock Holmes: A Game of Shadows,https://www.imdb.com/title/tt1515091/,movie,7.4,129,2011,"Action, Adventure, Mystery",477695,2011-12-10,Guy Ritchie
tt0151804,8,2016-06-24,Office Space,https://www.imdb.com/title/tt0151804/,movie,7.6,89,1999,Comedy,285474,1999-02-19,Mike Judge
tt1528313,6,2016-06-24,Rien à déclarer,https://www.imdb.com/title/tt1528313/,movie,6.4,108,2010,Comedy,15175,2010-12-15,Dany Boon
tt1540133,5,2016-06-24,The Guard,https://www.imdb.com/title/tt1540133/,movie,7.3,96,2011,"Comedy, Crime, Thriller",95016,2011-01-20,John Michael McDonagh
tt0158983,5,2016-06-24,"South Park: Bigger, Longer & Uncut",https://www.imdb.com/title/tt0158983/,movie,7.7,81,1999,"Animation, Comedy, Fantasy, Musical",213965,1999-06-17,Trey Parker
tt1637688,1,2016-06-24,In Time,https://www.imdb.com/title/tt1637688/,movie,6.7,109,2011,"Action, Sci-Fi, Thriller",442377,2011-10-20,Andrew Niccol
tt1637725,5,2016-06-24,Ted,https://www.imdb.com/title/tt1637725/,movie,6.9,106,2012,Comedy,652263,2012-06-29,Seth MacFarlane
tt1646971,6,2016-06-24,How to Train Your Dragon 2,https://www.imdb.com/title/tt1646971/,movie,7.8,102,2014,"Animation, Action, Adventure, Comedy, Family, Fantasy",360905,2014-05-16,Dean DeBlois
tt1648112,1,2016-06-24,New Kids Turbo,https://www.imdb.com/title/tt1648112/,movie,6.4,84,2010,"Action, Comedy",17575,2010-12-07,"Steffen Haars, Flip Van der Kuil"
tt1650062,7,2016-06-24,Super 8,https://www.imdb.com/title/tt1650062/,movie,7,112,2011,"Action, Mystery, Sci-Fi, Thriller",366206,2011-06-09,J.J. Abrams
tt1650554,4,2016-06-24,Kick-Ass 2,https://www.imdb.com/title/tt1650554/,movie,6.5,103,2013,"Action, Comedy, Crime, Thriller",286720,2013-08-14,Jeff Wadlow
tt1663202,2,2016-06-24,The Revenant,https://www.imdb.com/title/tt1663202/,movie,8,156,2015,"Action, Adventure, Drama, Western",866095,2015-12-16,Alejandro G. Iñárritu
tt1663662,2,2016-06-24,Pacific Rim,https://www.imdb.com/title/tt1663662/,movie,6.9,131,2013,"Action, Adventure, Sci-Fi",527366,2013-07-01,Guillermo del Toro
tt0166924,9,2016-06-24,Mulholland Dr.,https://www.imdb.com/title/tt0166924/,movie,7.9,147,2001,"Drama, Mystery, Thriller",380820,2001-05-16,David Lynch
tt1690953,6,2016-06-24,Despicable Me 2,https://www.imdb.com/title/tt1690953/,movie,7.3,98,2013,"Animation, Adventure, Comedy, Crime, Family, Sci-Fi",422851,2013-06-16,"Chris Renaud, Pierre Coffin"
tt1691917,2,2016-06-24,Planes,https://www.imdb.com/title/tt1691917/,movie,5.7,91,2013,"Animation, Adventure, Comedy, Family, Fantasy, Sport",48335,2013-08-05,Klay Hall
tt1716772,2,2016-06-24,The Inbetweeners Movie,https://www.imdb.com/title/tt1716772/,movie,6.7,97,2011,Comedy,86271,2011-08-17,Ben Palmer
tt1723121,5,2016-06-24,We're the Millers,https://www.imdb.com/title/tt1723121/,movie,7,110,2013,"Comedy, Crime",482776,2013-08-03,Rawson Marshall Thurber
tt1727388,4,2016-06-24,The Way Way Back,https://www.imdb.com/title/tt1727388/,movie,7.4,103,2013,"Comedy, Drama",156295,2013-01-21,"Jim Rash, Nat Faxon"
tt1748122,9,2016-06-24,Moonrise Kingdom,https://www.imdb.com/title/tt1748122/,movie,7.8,94,2012,"Adventure, Comedy, Drama, Family, Fantasy, Romance",365477,2012-05-16,Wes Anderson
tt1764651,4,2016-06-24,The Expendables 2,https://www.imdb.com/title/tt1764651/,movie,6.6,103,2012,"Action, Adventure, Thriller",320985,2012-08-08,Simon West
tt1772341,6,2016-06-24,Wreck-It Ralph,https://www.imdb.com/title/tt1772341/,movie,7.7,101,2012,"Animation, Adventure, Comedy, Family, Fantasy, Sci-Fi",454641,2012-11-01,Rich Moore
tt1791528,5,2016-06-24,Inherent Vice,https://www.imdb.com/title/tt1791528/,movie,6.6,148,2014,"Comedy, Crime, Drama, Mystery, Romance",110031,2014-10-04,Paul Thomas Anderson
tt1798709,9,2016-06-24,Her,https://www.imdb.com/title/tt1798709/,movie,8,126,2013,"Drama, Romance, Sci-Fi",663754,2013-10-12,Spike Jonze
tt1800241,1,2016-06-24,American Hustle,https://www.imdb.com/title/tt1800241/,movie,7.2,138,2013,"Crime, Drama",498695,2013-12-03,David O. Russell
tt0181689,5,2016-06-24,Minority Report,https://www.imdb.com/title/tt0181689/,movie,7.6,145,2002,"Action, Crime, Mystery, Sci-Fi, Thriller",580587,2002-06-17,Steven Spielberg
tt1849755,8,2016-06-24,Die Mondverschwörung,https://www.imdb.com/title/tt1849755/,movie,7.5,86,2011,"Documentary, Comedy, News",411,2011-04-10,Thomas Frickel
tt1853728,9,2016-06-24,Django Unchained,https://www.imdb.com/title/tt1853728/,movie,8.5,165,2012,"Drama, Western",1676382,2012-12-11,Quentin Tarantino
tt1860353,4,2016-06-24,Turbo,https://www.imdb.com/title/tt1860353/,movie,6.4,96,2013,"Animation, Adventure, Comedy, Family, Sport",109138,2013-07-10,David Soren
tt1895587,9,2016-06-24,Spotlight,https://www.imdb.com/title/tt1895587/,movie,8.1,129,2015,"Biography, Crime, Drama",498594,2015-09-03,Tom McCarthy
tt1951261,4,2016-06-24,The Hangover Part III,https://www.imdb.com/title/tt1951261/,movie,5.8,100,2013,"Comedy, Crime",333175,2013-05-20,Todd Phillips
tt1951264,1,2016-06-24,The Hunger Games: Catching Fire,https://www.imdb.com/title/tt1951264/,movie,7.5,146,2013,"Action, Adventure, Sci-Fi, Thriller",715883,2013-11-11,Francis Lawrence
tt1956620,5,2016-06-24,Sex Tape,https://www.imdb.com/title/tt1956620/,movie,5.1,94,2014,"Comedy, Romance",117504,2014-07-16,Jake Kasdan
tt0195714,4,2016-06-24,Final Destination,https://www.imdb.com/title/tt0195714/,movie,6.7,98,2000,"Horror, Thriller",277058,2000-03-16,James Wong
tt1979320,8,2016-06-24,Rush,https://www.imdb.com/title/tt1979320/,movie,8.1,123,2013,"Action, Biography, Drama, Sport",509161,2013-09-02,Ron Howard
tt1980209,7,2016-06-24,Pain & Gain,https://www.imdb.com/title/tt1980209/,movie,6.4,129,2013,"Action, Biography, Comedy, Crime, Drama, Mystery",228363,2013-04-11,Michael Bay
tt2002718,3,2016-06-24,Machete Kills,https://www.imdb.com/title/tt2002718/,movie,5.6,107,2013,"Action, Comedy, Crime, Thriller",82082,2013-09-19,Robert Rodriguez
tt2024544,4,2016-06-24,12 Years a Slave,https://www.imdb.com/title/tt2024544/,movie,8.1,134,2013,"Biography, Drama, History",736781,2013-08-30,Steve McQueen
tt2080374,2,2016-06-24,Steve Jobs,https://www.imdb.com/title/tt2080374/,movie,7.2,122,2015,"Biography, Drama",177641,2015-09-05,Danny Boyle
tt0208092,8,2016-06-24,Snatch,https://www.imdb.com/title/tt0208092/,movie,8.2,104,2000,"Comedy, Crime",902678,2000-08-23,Guy Ritchie
tt2084970,8,2016-06-24,The Imitation Game,https://www.imdb.com/title/tt2084970/,movie,8,114,2014,"Biography, Drama, Thriller, War",818640,2014-08-29,Morten Tyldum
tt0209144,10,2016-06-24,Memento,https://www.imdb.com/title/tt0209144/,movie,8.4,113,2000,"Mystery, Thriller",1312060,2000-09-05,Christopher Nolan
tt2096673,8,2016-06-24,Inside Out,https://www.imdb.com/title/tt2096673/,movie,8.1,95,2015,"Animation, Adventure, Comedy, Drama, Family, Fantasy",776445,2015-05-18,"Pete Docter, Ronnie Del Carmen"
tt0211946,5,2016-06-24,Berlin Calling,https://www.imdb.com/title/tt0211946/,movie,7.2,109,2008,"Comedy, Drama, Music",15147,2008-08-08,Hannes Stöhr
tt2120120,2,2016-06-24,Pixels,https://www.imdb.com/title/tt2120120/,movie,5.6,105,2015,"Action, Comedy, Fantasy, Sci-Fi",157342,2015-04-17,Chris Columbus
tt2179136,4,2016-06-24,American Sniper,https://www.imdb.com/title/tt2179136/,movie,7.3,133,2014,"Action, Biography, Drama, War",524576,2014-11-11,Clint Eastwood
tt2191701,2,2016-06-24,Grown Ups 2,https://www.imdb.com/title/tt2191701/,movie,5.4,101,2013,Comedy,167606,2013-07-11,Dennis Dugan
tt2267998,9,2016-06-24,Gone Girl,https://www.imdb.com/title/tt2267998/,movie,8.1,149,2014,"Drama, Mystery, Thriller",1057289,2014-09-26,David Fincher
tt2278388,8,2016-06-24,The Grand Budapest Hotel,https://www.imdb.com/title/tt2278388/,movie,8.1,99,2014,"Adventure, Comedy, Crime",878780,2014-02-06,Wes Anderson
tt2293640,1,2016-06-24,Minions,https://www.imdb.com/title/tt2293640/,movie,6.4,91,2015,"Animation, Adventure, Comedy, Crime, Family, Sci-Fi",257129,2015-06-11,"Kyle Balda, Pierre Coffin"
tt0232500,4,2016-06-24,The Fast and the Furious,https://www.imdb.com/title/tt0232500/,movie,6.8,106,2001,"Action, Crime, Thriller",416327,2001-06-18,Rob Cohen
tt2333784,2,2016-06-24,The Expendables 3,https://www.imdb.com/title/tt2333784/,movie,6.1,126,2014,"Action, Adventure, Thriller",194997,2014-08-04,Patrick Hughes
tt2333804,2,2016-06-24,The Zero Theorem,https://www.imdb.com/title/tt2333804/,movie,6,107,2013,"Comedy, Drama, Fantasy, Mystery, Sci-Fi",49441,2013-09-02,Terry Gilliam
tt0234215,5,2016-06-24,The Matrix Reloaded,https://www.imdb.com/title/tt0234215/,movie,7.2,138,2003,"Action, Sci-Fi",626364,2003-05-07,"Lilly Wachowski, Lana Wachowski"
tt2357129,4,2016-06-24,Jobs,https://www.imdb.com/title/tt2357129/,movie,6,128,2013,"Biography, Drama",103588,2013-01-25,Joshua Michael Stern
tt2361509,5,2016-06-24,The Intern,https://www.imdb.com/title/tt2361509/,movie,7.1,121,2015,"Comedy, Drama",271832,2015-09-15,Nancy Meyers
tt2381249,6,2016-06-24,Mission: Impossible - Rogue Nation,https://www.imdb.com/title/tt2381249/,movie,7.4,131,2015,"Action, Adventure, Thriller",407839,2015-07-23,Christopher McQuarrie
tt0240772,6,2016-06-24,Ocean's Eleven,https://www.imdb.com/title/tt0240772/,movie,7.7,116,2001,"Crime, Thriller",613381,2001-12-05,Steven Soderbergh
tt0246578,8,2016-06-24,Donnie Darko,https://www.imdb.com/title/tt0246578/,movie,8,113,2001,"Drama, Mystery, Sci-Fi, Thriller",844301,2001-01-19,Richard Kelly
tt2488496,8,2016-06-24,Star Wars: Episode VII - The Force Awakens,https://www.imdb.com/title/tt2488496/,movie,7.8,138,2015,"Action, Adventure, Sci-Fi",968706,2015-12-14,J.J. Abrams
tt2524674,1,2016-06-24,Feuchtgebiete,https://www.imdb.com/title/tt2524674/,movie,5.8,109,2013,"Comedy, Drama",12325,2013-08-11,David Wnendt
tt0253474,9,2016-06-24,The Pianist,https://www.imdb.com/title/tt0253474/,movie,8.5,150,2002,"Biography, Drama, Music, War",902591,2002-05-24,Roman Polanski
tt2545118,8,2016-06-24,Blackfish,https://www.imdb.com/title/tt2545118/,movie,8.1,83,2013,Documentary,71865,2013-01-19,Gabriela Cowperthwaite
tt2557490,2,2016-06-24,A Million Ways to Die in the West,https://www.imdb.com/title/tt2557490/,movie,6.1,116,2014,"Comedy, Western",197501,2014-05-15,Seth MacFarlane
tt0256103,5,2016-06-24,Intimacy,https://www.imdb.com/title/tt0256103/,movie,6,119,2001,"Drama, Romance",13061,2001-01-20,Patrice Chéreau
tt2562232,8,2016-06-24,Birdman or (The Unexpected Virtue of Ignorance),https://www.imdb.com/title/tt2562232/,movie,7.7,119,2014,"Comedy, Drama",662572,2014-08-27,Alejandro G. Iñárritu
tt2572632,1,2016-06-24,Vendetta,https://www.imdb.com/title/tt2572632/,movie,5.8,106,2013,"Action, Thriller",4350,2013-12-23,Stephen Reynolds
tt2582802,9,2016-06-24,Whiplash,https://www.imdb.com/title/tt2582802/,movie,8.5,106,2014,"Drama, Music",972935,2014-01-16,Damien Chazelle
tt0265086,9,2016-06-24,Black Hawk Down,https://www.imdb.com/title/tt0265086/,movie,7.7,144,2001,"Action, Drama, History, War",420737,2001-12-18,Ridley Scott
tt0266543,6,2016-06-24,Finding Nemo,https://www.imdb.com/title/tt0266543/,movie,8.2,100,2003,"Animation, Adventure, Comedy, Family",1104446,2003-05-18,"Andrew Stanton, Lee Unkrich"
tt0266697,9,2016-06-24,Kill Bill: Vol. 1,https://www.imdb.com/title/tt0266697/,movie,8.2,111,2003,"Action, Crime, Thriller",1181977,2003-09-29,Quentin Tarantino
tt2692904,7,2016-06-24,Locke,https://www.imdb.com/title/tt2692904/,movie,7.1,85,2013,Drama,158611,2013-09-02,Steven Knight
tt2713180,4,2016-06-24,Fury,https://www.imdb.com/title/tt2713180/,movie,7.6,134,2014,"Action, Drama, War",540834,2014-10-15,David Ayer
tt0277434,5,2016-06-24,We Were Soldiers,https://www.imdb.com/title/tt0277434/,movie,7.2,138,2002,"Action, Drama, History, War",150358,2002-02-25,Randall Wallace
tt2788710,1,2016-06-24,The Interview,https://www.imdb.com/title/tt2788710/,movie,6.5,112,2014,"Action, Adventure, Comedy",352050,2014-12-11,"Evan Goldberg, Seth Rogen"
tt0284837,3,2016-06-24,Ali G Indahouse,https://www.imdb.com/title/tt0284837/,movie,6.2,85,2002,Comedy,95499,2002-03-22,Mark Mylod
tt2872718,7,2016-06-24,Nightcrawler,https://www.imdb.com/title/tt2872718/,movie,7.8,117,2014,"Crime, Drama, Thriller",598787,2014-09-05,Dan Gilroy
tt2872750,2,2016-06-24,Shaun the Sheep Movie,https://www.imdb.com/title/tt2872750/,movie,7.3,85,2015,"Animation, Adventure, Comedy, Family, Fantasy",43155,2015-01-24,"Mark Burton, Richard Starzak"
tt2883512,7,2016-06-24,Chef,https://www.imdb.com/title/tt2883512/,movie,7.3,114,2014,"Adventure, Comedy, Drama",229988,2014-03-07,Jon Favreau
tt0290673,6,2016-06-24,Irréversible,https://www.imdb.com/title/tt0290673/,movie,7.3,97,2002,"Crime, Drama, Mystery, Thriller",146378,2002-05-22,Gaspar Noé
tt0293662,4,2016-06-24,The Transporter,https://www.imdb.com/title/tt0293662/,movie,6.8,92,2002,"Action, Crime, Thriller",319358,2002-10-02,"Corey Yuen, Louis Leterrier"
tt2948356,8,2016-06-24,Zootopia,https://www.imdb.com/title/tt2948356/,movie,8,108,2016,"Animation, Adventure, Comedy, Crime, Family, Mystery",540507,2016-02-10,"Rich Moore, Jared Bush, Byron Howard"
tt2980516,5,2016-06-24,The Theory of Everything,https://www.imdb.com/title/tt2980516/,movie,7.7,123,2014,"Biography, Drama, Romance",478775,2014-09-07,James Marsh
tt0298203,6,2016-06-24,8 Mile,https://www.imdb.com/title/tt0298203/,movie,7.2,110,2002,"Drama, Music",317793,2002-09-08,Curtis Hanson
tt3010660,4,2016-06-24,Stromberg - Der Film,https://www.imdb.com/title/tt3010660/,movie,7.3,123,2014,Comedy,8285,2014-02-18,Arne Feldhusen
tt0311429,4,2016-06-24,The League of Extraordinary Gentlemen,https://www.imdb.com/title/tt0311429/,movie,5.8,110,2003,"Action, Adventure, Fantasy, Sci-Fi",183161,2003-07-11,Stephen Norrington
tt3170832,6,2016-06-24,Room,https://www.imdb.com/title/tt3170832/,movie,8.1,118,2015,"Drama, Thriller",446907,2015-09-04,Lenny Abrahamson
tt0317219,9,2016-06-24,Cars,https://www.imdb.com/title/tt0317219/,movie,7.2,117,2006,"Animation, Adventure, Comedy, Family, Sport",463522,2006-03-14,"John Lasseter, Joe Ranft"
tt0317248,6,2016-06-24,Cidade de Deus,https://www.imdb.com/title/tt0317248/,movie,8.6,130,2002,"Crime, Drama",795047,2002-05-18,"Kátia Lund, Fernando Meirelles"
tt0317705,4,2016-06-24,The Incredibles,https://www.imdb.com/title/tt0317705/,movie,8,115,2004,"Animation, Action, Adventure, Family",800268,2004-10-27,Brad Bird
tt3235888,6,2016-06-24,It Follows,https://www.imdb.com/title/tt3235888/,movie,6.8,100,2014,"Horror, Mystery, Thriller",266305,2014-05-17,David Robert Mitchell
tt0331811,6,2016-06-24,11:14,https://www.imdb.com/title/tt0331811/,movie,7.1,86,2003,"Comedy, Crime, Drama, Mystery, Thriller",49784,2003-05-16,Greg Marcks
tt3397884,9,2016-06-24,Sicario,https://www.imdb.com/title/tt3397884/,movie,7.7,121,2015,"Action, Crime, Drama, Mystery, Thriller",468343,2015-05-19,Denis Villeneuve
tt0340377,8,2016-06-24,The Station Agent,https://www.imdb.com/title/tt0340377/,movie,7.6,89,2003,"Comedy, Drama",73002,2003-01-26,Tom McCarthy
tt0034583,5,2016-06-24,Casablanca,https://www.imdb.com/title/tt0034583/,movie,8.5,102,1942,"Drama, Romance, War",601893,1942-11-26,Michael Curtiz
tt3460252,9,2016-06-24,The Hateful Eight,https://www.imdb.com/title/tt3460252/,movie,7.8,168,2015,"Crime, Drama, Mystery, Thriller, Western",653302,2015-12-07,Quentin Tarantino
tt3464902,7,2016-06-24,The Lobster,https://www.imdb.com/title/tt3464902/,movie,7.1,119,2015,"Drama, Romance, Sci-Fi, Thriller",289205,2015-05-15,Yorgos Lanthimos
tt3488710,7,2016-06-24,The Walk,https://www.imdb.com/title/tt3488710/,movie,7.3,123,2015,"Adventure, Biography, Drama, History",134868,2015-09-26,Robert Zemeckis
tt0349903,4,2016-06-24,Ocean's Twelve,https://www.imdb.com/title/tt0349903/,movie,6.5,125,2004,"Crime, Thriller",411572,2004-12-08,Steven Soderbergh
tt0351283,4,2016-06-24,Madagascar,https://www.imdb.com/title/tt0351283/,movie,6.9,86,2005,"Animation, Adventure, Comedy, Family",433566,2005-05-15,"Tom McGrath, Eric Darnell"
tt0357413,5,2016-06-24,Anchorman: The Legend of Ron Burgundy,https://www.imdb.com/title/tt0357413/,movie,7.1,94,2004,Comedy,376455,2004-06-09,Adam McKay
tt0358273,10,2016-06-24,Walk the Line,https://www.imdb.com/title/tt0358273/,movie,7.8,136,2005,"Biography, Drama, Music, Romance",264252,2005-09-04,James Mangold
tt0359950,6,2016-06-24,The Secret Life of Walter Mitty,https://www.imdb.com/title/tt0359950/,movie,7.3,114,2013,"Adventure, Comedy, Drama, Fantasy, Romance",338548,2013-10-05,Ben Stiller
tt0361748,10,2016-06-24,Inglourious Basterds,https://www.imdb.com/title/tt0361748/,movie,8.4,153,2009,"Adventure, Drama, War",1566579,2009-05-20,Quentin Tarantino
tt0363589,8,2016-06-24,Elephant,https://www.imdb.com/title/tt0363589/,movie,7.1,81,2003,"Crime, Drama, Thriller",96682,2003-05-18,Gus Van Sant
tt3659388,8,2016-06-24,The Martian,https://www.imdb.com/title/tt3659388/,movie,8,144,2015,"Adventure, Drama, Sci-Fi",914301,2015-09-11,Ridley Scott
tt3682448,7,2016-06-24,Bridge of Spies,https://www.imdb.com/title/tt3682448/,movie,7.6,142,2015,"Drama, History, Thriller, War",326168,2015-10-04,Steven Spielberg
tt0369610,7,2016-06-24,Jurassic World,https://www.imdb.com/title/tt0369610/,movie,6.9,124,2015,"Action, Adventure, Sci-Fi",675248,2015-05-29,Colin Trevorrow
tt3715320,1,2016-06-24,Irrational Man,https://www.imdb.com/title/tt3715320/,movie,6.6,95,2015,"Comedy, Crime, Drama, Romance",66455,2015-05-15,Woody Allen
tt0371724,6,2016-06-24,The Hitchhiker's Guide to the Galaxy,https://www.imdb.com/title/tt0371724/,movie,6.7,109,2005,"Adventure, Comedy, Sci-Fi",207392,2005-04-20,Garth Jennings
tt0375063,6,2016-06-24,Sideways,https://www.imdb.com/title/tt0375063/,movie,7.5,127,2004,"Comedy, Drama, Romance",202702,2004-09-13,Alexander Payne
tt0377309,1,2016-06-24,Three,https://www.imdb.com/title/tt0377309/,movie,4.9,95,2005,"Drama, Thriller",10409,2005-11-16,Stewart Raffill
tt3774694,5,2016-06-24,Love,https://www.imdb.com/title/tt3774694/,movie,6.1,135,2015,"Drama, Romance",65960,2015-05-20,Gaspar Noé
tt0378194,8,2016-06-24,Kill Bill: Vol. 2,https://www.imdb.com/title/tt0378194/,movie,8,137,2004,"Action, Crime, Thriller",798341,2004-04-08,Quentin Tarantino
tt0382932,4,2016-06-24,Ratatouille,https://www.imdb.com/title/tt0382932/,movie,8.1,111,2007,"Animation, Adventure, Comedy, Family, Fantasy",813706,2007-06-22,"Brad Bird, Jan Pinkava"
tt0387564,6,2016-06-24,Saw,https://www.imdb.com/title/tt0387564/,movie,7.6,103,2004,"Horror, Mystery, Thriller",462960,2004-01-19,James Wan
tt0389860,5,2016-06-24,Click,https://www.imdb.com/title/tt0389860/,movie,6.4,107,2006,"Comedy, Drama, Fantasy, Romance",353865,2006-06-14,Frank Coraci
tt0399201,4,2016-06-24,The Island,https://www.imdb.com/title/tt0399201/,movie,6.8,136,2005,"Action, Sci-Fi, Thriller",326485,2005-07-11,Michael Bay
tt0401792,9,2016-06-24,Sin City,https://www.imdb.com/title/tt0401792/,movie,8,124,2005,"Crime, Thriller",791092,2005-03-28,"Frank Miller, Quentin Tarantino, Robert Rodriguez"
tt4044364,10,2016-06-24,Citizenfour,https://www.imdb.com/title/tt4044364/,movie,8,114,2014,"Documentary, Biography",57737,2014-10-10,Laura Poitras
tt0405159,7,2016-06-24,Million Dollar Baby,https://www.imdb.com/title/tt0405159/,movie,8.1,132,2004,"Drama, Sport",717321,2004-12-05,Clint Eastwood
tt0408236,5,2016-06-24,Sweeney Todd: The Demon Barber of Fleet Street,https://www.imdb.com/title/tt0408236/,movie,7.3,116,2007,"Drama, Horror, Musical, Thriller",385068,2007-12-03,Tim Burton
tt0409345,5,2016-06-24,Surveillance,https://www.imdb.com/title/tt0409345/,movie,6.3,97,2008,"Crime, Drama, Mystery, Thriller",18407,2008-05-21,Jennifer Lynch
tt0416449,9,2016-06-24,300,https://www.imdb.com/title/tt0416449/,movie,7.6,117,2006,"Action, Drama",859162,2006-12-09,Zack Snyder
tt0418279,6,2016-06-24,Transformers,https://www.imdb.com/title/tt0418279/,movie,7,144,2007,"Action, Adventure, Sci-Fi",671111,2007-06-12,Michael Bay
tt0418763,4,2016-06-24,Jarhead,https://www.imdb.com/title/tt0418763/,movie,7,125,2005,"Biography, Drama, War",204749,2005-10-27,Sam Mendes
tt4226388,3,2016-06-24,Victoria,https://www.imdb.com/title/tt4226388/,movie,7.6,138,2015,"Crime, Drama, Romance, Thriller",62803,2015-02-07,Sebastian Schipper
tt0432348,3,2016-06-24,Saw II,https://www.imdb.com/title/tt0432348/,movie,6.6,93,2005,"Horror, Mystery",274606,2005-10-28,Darren Lynn Bousman
tt0044079,7,2016-06-24,Strangers on a Train,https://www.imdb.com/title/tt0044079/,movie,7.9,101,1951,"Crime, Drama, Film-Noir, Thriller",140243,1951-06-27,Alfred Hitchcock
tt0443453,1,2016-06-24,Borat: Cultural Learnings of America for Make Benefit Glorious Nation of Kazakhstan,https://www.imdb.com/title/tt0443453/,movie,7.4,84,2006,Comedy,438570,2006-08-04,Larry Charles
tt0448011,1,2016-06-24,Knowing,https://www.imdb.com/title/tt0448011/,movie,6.2,121,2009,"Action, Mystery, Sci-Fi, Thriller",246336,2009-03-09,Alex Proyas
tt0450259,6,2016-06-24,Blood Diamond,https://www.imdb.com/title/tt0450259/,movie,8,143,2006,"Adventure, Drama, Thriller",581861,2006-12-06,Edward Zwick
tt0450278,2,2016-06-24,Hostel,https://www.imdb.com/title/tt0450278/,movie,5.9,94,2005,Horror,189887,2005-09-17,Eli Roth
tt0452608,4,2016-06-24,Death Race,https://www.imdb.com/title/tt0452608/,movie,6.4,105,2008,"Action, Sci-Fi, Thriller",217968,2008-08-21,Paul W.S. Anderson
tt0452694,2,2016-06-24,The Time Traveler's Wife,https://www.imdb.com/title/tt0452694/,movie,7.1,107,2009,"Comedy, Drama, Fantasy, Romance, Sci-Fi",157258,2009-08-14,Robert Schwentke
tt0454915,2,2016-06-24,Polly Blue Eyes,https://www.imdb.com/title/tt0454915/,movie,5.8,101,2005,"Comedy, Crime, Romance",314,2005-11-03,Tomy Wigand
tt0458481,5,2016-06-24,Sin City: A Dame to Kill For,https://www.imdb.com/title/tt0458481/,movie,6.5,102,2014,"Action, Crime, Thriller",169651,2014-08-19,"Frank Miller, Robert Rodriguez"
tt0462538,6,2016-06-24,The Simpsons Movie,https://www.imdb.com/title/tt0462538/,movie,7.3,87,2007,"Animation, Adventure, Comedy",347970,2007-07-21,David Silverman
tt0463985,3,2016-06-24,The Fast and the Furious: Tokyo Drift,https://www.imdb.com/title/tt0463985/,movie,6,104,2006,"Action, Crime, Thriller",296954,2006-06-04,Justin Lin
tt0466342,1,2016-06-24,Date Movie,https://www.imdb.com/title/tt0466342/,movie,2.8,83,2006,"Comedy, Romance",61998,2006-02-17,"Jason Friedberg, Aaron Seltzer"
tt0466713,2,2016-06-24,Kein Bund fürs Leben,https://www.imdb.com/title/tt0466713/,movie,5.1,85,2007,Comedy,1624,2007-08-30,Granz Henman
tt0468569,9,2016-06-24,The Dark Knight,https://www.imdb.com/title/tt0468569/,movie,9,152,2008,"Action, Crime, Drama, Thriller",2842631,2008-07-14,Christopher Nolan
tt0469021,8,2016-06-24,Alan Partridge: Alpha Papa,https://www.imdb.com/title/tt0469021/,movie,6.9,90,2013,"Action, Comedy, Crime",32903,2013-07-24,Declan Lowney
tt0469494,8,2016-06-24,There Will Be Blood,https://www.imdb.com/title/tt0469494/,movie,8.2,158,2007,Drama,635768,2007-09-27,Paul Thomas Anderson
tt0472033,4,2016-06-24,9,https://www.imdb.com/title/tt0472033/,movie,7,79,2009,"Animation, Action, Adventure, Drama, Fantasy, Sci-Fi, Thriller",146782,2009-08-19,Shane Acker
tt0472181,4,2016-06-24,The Smurfs,https://www.imdb.com/title/tt0472181/,movie,5.4,103,2011,"Animation, Adventure, Comedy, Family, Fantasy",96089,2011-07-24,Raja Gosnell
tt0472399,4,2016-06-24,The Mechanic,https://www.imdb.com/title/tt0472399/,movie,6.5,93,2011,"Action, Crime, Thriller",170469,2011-01-13,Simon West
tt0047396,10,2016-06-24,Rear Window,https://www.imdb.com/title/tt0047396/,movie,8.5,112,1954,"Mystery, Thriller",518451,1954-08-01,Alfred Hitchcock
tt0475290,6,2016-06-24,"Hail, Caesar!",https://www.imdb.com/title/tt0475290/,movie,6.3,106,2016,"Comedy, Drama, Mystery",142418,2016-02-01,"Joel Coen, Ethan Coen"
tt0477302,1,2016-06-24,Extremely Loud & Incredibly Close,https://www.imdb.com/title/tt0477302/,movie,6.9,129,2011,"Adventure, Drama, Mystery",104906,2011-12-15,Stephen Daldry
tt0479884,4,2016-06-24,Crank,https://www.imdb.com/title/tt0479884/,movie,6.9,88,2006,"Action, Crime, Thriller",262205,2006-08-31,"Brian Taylor, Mark Neveldine"
tt0489049,4,2016-06-24,Fanboys,https://www.imdb.com/title/tt0489049/,movie,6.5,120,2009,"Adventure, Comedy, Crime",60930,2009-02-06,Kyle Newman
tt0489099,5,2016-06-24,Jumper,https://www.imdb.com/title/tt0489099/,movie,6.1,88,2008,"Action, Adventure, Sci-Fi, Thriller",321773,2008-02-06,Doug Liman
tt0049470,8,2016-06-24,The Man Who Knew Too Much,https://www.imdb.com/title/tt0049470/,movie,7.4,120,1956,"Drama, Thriller",69045,1956-04-29,Alfred Hitchcock
tt4973112,7,2016-06-24,Hitting the Apex,https://www.imdb.com/title/tt4973112/,movie,8.1,138,2015,"Documentary, Sport",4141,2015-09-02,Mark Neale
tt0499549,10,2016-06-24,Avatar,https://www.imdb.com/title/tt0499549/,movie,7.9,162,2009,"Action, Adventure, Fantasy, Sci-Fi",1376843,2009-12-10,James Cameron
tt0052357,8,2016-06-24,Vertigo,https://www.imdb.com/title/tt0052357/,movie,8.3,128,1958,"Mystery, Romance, Thriller",423943,1958-05-09,Alfred Hitchcock
tt0053125,5,2016-06-24,North by Northwest,https://www.imdb.com/title/tt0053125/,movie,8.3,136,1959,"Action, Adventure, Mystery, Thriller",343987,1959-07-01,Alfred Hitchcock
tt0054215,7,2016-06-24,Psycho,https://www.imdb.com/title/tt0054215/,movie,8.5,109,1960,"Horror, Mystery, Thriller",712924,1960-06-16,Alfred Hitchcock
tt0056869,2,2016-06-24,The Birds,https://www.imdb.com/title/tt0056869/,movie,7.6,119,1963,"Drama, Horror, Mystery, Romance",203111,1963-03-28,Alfred Hitchcock
tt0057012,9,2016-06-24,Dr. Strangelove or: How I Learned to Stop Worrying and Love the Bomb,https://www.imdb.com/title/tt0057012/,movie,8.4,95,1964,"Comedy, War",514604,1964-01-29,Stanley Kubrick
tt0066921,10,2016-06-24,A Clockwork Orange,https://www.imdb.com/title/tt0066921/,movie,8.3,136,1971,"Crime, Sci-Fi",875260,1971-12-19,Stanley Kubrick
tt0067927,6,2016-06-24,Vanishing Point,https://www.imdb.com/title/tt0067927/,movie,7.2,99,1971,"Action, Crime, Thriller",30331,1971-01-15,Richard C. Sarafian
tt0068646,9,2016-06-24,The Godfather,https://www.imdb.com/title/tt0068646/,movie,9.2,175,1972,"Crime, Drama",1993201,1972-03-14,Francis Ford Coppola
tt0071853,8,2016-06-24,Monty Python and the Holy Grail,https://www.imdb.com/title/tt0071853/,movie,8.2,91,1975,"Adventure, Comedy, Fantasy",566858,1975-03-14,"Terry Jones, Terry Gilliam"
tt0075314,9,2016-06-24,Taxi Driver,https://www.imdb.com/title/tt0075314/,movie,8.2,114,1976,"Crime, Drama",911115,1976-02-08,Martin Scorsese
tt0765429,7,2016-06-24,American Gangster,https://www.imdb.com/title/tt0765429/,movie,7.8,157,2007,"Biography, Crime, Drama",449720,2007-10-19,Ridley Scott
tt0076759,9,2016-06-24,Star Wars,https://www.imdb.com/title/tt0076759/,movie,8.6,121,1977,"Action, Adventure, Fantasy, Sci-Fi",1438669,1977-05-25,George Lucas
tt0780536,8,2016-06-24,In Bruges,https://www.imdb.com/title/tt0780536/,movie,7.9,107,2008,"Comedy, Crime, Drama, Thriller",458732,2008-01-17,Martin McDonagh
tt0795461,1,2016-06-24,Scary Movie 5,https://www.imdb.com/title/tt0795461/,movie,3.5,88,2013,"Comedy, Horror",76692,2013-04-11,"Malcolm D. Lee, David Zucker"
tt0804497,5,2016-06-24,It's Kind of a Funny Story,https://www.imdb.com/title/tt0804497/,movie,7.1,101,2010,"Comedy, Drama, Romance",147450,2010-07-02,"Anna Boden, Ryan Fleck"
tt0080455,5,2016-06-24,The Blues Brothers,https://www.imdb.com/title/tt0080455/,movie,7.9,133,1980,"Action, Adventure, Comedy, Crime, Music, Musical",212810,1980-06-20,John Landis
tt0080736,3,2016-06-24,The Final Countdown,https://www.imdb.com/title/tt0080736/,movie,6.6,103,1980,"Action, Adventure, Sci-Fi",26667,1980-05-21,Don Taylor
tt0811124,1,2016-06-24,The Lost Tribe,https://www.imdb.com/title/tt0811124/,movie,3.8,100,2010,"Adventure, Horror, Thriller",1866,2010-05-31,Roel Reiné
tt0081505,9,2016-06-24,The Shining,https://www.imdb.com/title/tt0081505/,movie,8.4,146,1980,"Drama, Horror",1096540,1980-05-23,Stanley Kubrick
tt0816692,6,2016-06-24,Interstellar,https://www.imdb.com/title/tt0816692/,movie,8.7,169,2014,"Adventure, Drama, Sci-Fi",2062713,2014-10-26,Christopher Nolan
tt0816711,3,2016-06-24,World War Z,https://www.imdb.com/title/tt0816711/,movie,7,116,2013,"Action, Adventure, Horror, Sci-Fi",713318,2013-06-02,Marc Forster
tt0838221,7,2016-06-24,The Darjeeling Limited,https://www.imdb.com/title/tt0838221/,movie,7.2,91,2007,"Adventure, Comedy, Drama",215675,2007-08-31,Wes Anderson
tt0840361,8,2016-06-24,The Town,https://www.imdb.com/title/tt0840361/,movie,7.5,125,2010,"Crime, Drama, Thriller",412960,2010-09-08,Ben Affleck
tt0844471,4,2016-06-24,Cloudy with a Chance of Meatballs,https://www.imdb.com/title/tt0844471/,movie,6.9,90,2009,"Animation, Adventure, Comedy, Family, Fantasy, Sci-Fi",255294,2009-09-12,"Christopher Miller, Phil Lord"
tt0847817,10,2016-06-24,Helvetica,https://www.imdb.com/title/tt0847817/,movie,7.2,80,2007,Documentary,8146,2007-03-27,Gary Hustwit
tt0848228,10,2016-06-24,The Avengers,https://www.imdb.com/title/tt0848228/,movie,8,143,2012,"Action, Sci-Fi",1451356,2012-04-11,Joss Whedon
tt0086190,6,2016-06-24,Star Wars: Episode VI - Return of the Jedi,https://www.imdb.com/title/tt0086190/,movie,8.3,131,1983,"Action, Adventure, Fantasy, Sci-Fi",1112604,1983-05-23,Richard Marquand
tt0086250,9,2016-06-24,Scarface,https://www.imdb.com/title/tt0086250/,movie,8.3,170,1983,"Crime, Drama",907556,1983-12-01,Brian De Palma
tt0865957,2,2016-06-24,WarGames: The Dead Code,https://www.imdb.com/title/tt0865957/,video,4.5,100,2008,"Drama, Sci-Fi, Thriller",4963,2008-07-29,Stuart Gillard
tt0875113,8,2016-06-24,99 francs,https://www.imdb.com/title/tt0875113/,movie,7.2,100,2007,"Comedy, Drama",20673,2007-09-26,"Jan Kounen, Laurent Lafran, Bruno Vatin"
tt0087538,2,2016-06-24,The Karate Kid,https://www.imdb.com/title/tt0087538/,movie,7.3,126,1984,"Action, Drama, Family, Sport",242466,1984-06-22,John G. Avildsen
tt0887912,10,2016-06-24,The Hurt Locker,https://www.imdb.com/title/tt0887912/,movie,7.5,131,2008,"Drama, Thriller, War",471333,2008-09-04,Kathryn Bigelow
tt0088850,5,2016-06-24,Brewster's Millions,https://www.imdb.com/title/tt0088850/,movie,6.5,102,1985,Comedy,42770,1985-05-22,Walter Hill
tt0890888,1,2016-06-24,Vollidiot,https://www.imdb.com/title/tt0890888/,movie,5.3,102,2007,Comedy,2445,2007-04-12,Tobi Baumann
tt0892769,6,2016-06-24,How to Train Your Dragon,https://www.imdb.com/title/tt0892769/,movie,8.1,98,2010,"Animation, Action, Adventure, Comedy, Family, Fantasy",793000,2010-03-18,"Dean DeBlois, Chris Sanders"
tt0910970,2,2016-06-24,WALL·E,https://www.imdb.com/title/tt0910970/,movie,8.4,98,2008,"Animation, Adventure, Family, Sci-Fi",1189682,2008-06-21,Andrew Stanton
tt0914863,6,2016-06-24,Unthinkable,https://www.imdb.com/title/tt0914863/,movie,7,97,2010,"Crime, Drama, Thriller",92066,2010-05-26,Gregor Jordan
tt0093058,9,2016-06-24,Full Metal Jacket,https://www.imdb.com/title/tt0093058/,movie,8.3,116,1987,"Drama, War",784508,1987-06-17,Stanley Kubrick
tt0093105,9,2016-06-24,"Good Morning, Vietnam",https://www.imdb.com/title/tt0093105/,movie,7.3,121,1987,"Biography, Comedy, Drama, War",152487,1987-12-23,Barry Levinson
tt0093870,1,2016-06-24,RoboCop,https://www.imdb.com/title/tt0093870/,movie,7.6,102,1987,"Action, Crime, Sci-Fi, Thriller",280323,1987-07-02,Paul Verhoeven
tt0945513,4,2016-06-24,Source Code,https://www.imdb.com/title/tt0945513/,movie,7.5,93,2011,"Action, Drama, Mystery, Sci-Fi, Thriller",546399,2011-03-11,Duncan Jones
tt0947798,8,2016-06-24,Black Swan,https://www.imdb.com/title/tt0947798/,movie,8,108,2010,"Drama, Thriller",818315,2010-09-01,Darren Aronofsky
tt0947810,4,2016-06-24,Green Zone,https://www.imdb.com/title/tt0947810/,movie,6.8,115,2010,"Action, Drama, Thriller, War",142310,2010-02-26,Paul Greengrass
tt0095016,7,2016-06-24,Die Hard,https://www.imdb.com/title/tt0095016/,movie,8.2,132,1988,"Action, Thriller",938820,1988-07-12,John McTiernan
tt0951216,1,2016-06-24,Mad Money,https://www.imdb.com/title/tt0951216/,movie,5.9,104,2008,"Comedy, Crime, Thriller",22707,2008-01-09,Callie Khouri
tt0095647,8,2016-06-24,Mississippi Burning,https://www.imdb.com/title/tt0095647/,movie,7.8,128,1988,"Crime, Drama, Mystery, Thriller",109419,1988-12-02,Alan Parker
tt0960790,2,2016-06-24,Keinohrhasen,https://www.imdb.com/title/tt0960790/,movie,6.5,116,2007,"Comedy, Romance",18580,2007-12-10,Til Schweiger
tt0097165,8,2016-06-24,Dead Poets Society,https://www.imdb.com/title/tt0097165/,movie,8.1,128,1989,"Comedy, Drama",538768,1989-06-02,Peter Weir
tt0097239,8,2016-06-24,Driving Miss Daisy,https://www.imdb.com/title/tt0097239/,movie,7.3,99,1989,"Comedy, Drama, Romance",116767,1989-12-11,Bruce Beresford
tt0976042,3,2016-06-24,Immer nie am Meer,https://www.imdb.com/title/tt0976042/,movie,6.9,88,2007,"Comedy, Drama",1148,2007-01-16,Antonin Svoboda
tt0976051,6,2016-06-24,The Reader,https://www.imdb.com/title/tt0976051/,movie,7.6,124,2008,"Drama, Mystery, Romance",257790,2008-12-10,Stephen Daldry
tt0978764,7,2016-06-24,Sucker Punch,https://www.imdb.com/title/tt0978764/,movie,6,110,2011,"Action, Adventure, Fantasy",251607,2011-03-21,Zack Snyder
tt0986263,5,2016-06-24,Surrogates,https://www.imdb.com/title/tt0986263/,movie,6.3,89,2009,"Action, Sci-Fi, Thriller",179756,2009-09-24,Jonathan Mostow
tt0988045,6,2016-06-24,Sherlock Holmes,https://www.imdb.com/title/tt0988045/,movie,7.6,128,2009,"Action, Adventure, Mystery",666317,2009-12-14,Guy Ritchie
tt0993841,2,2016-06-24,Dead Air,https://www.imdb.com/title/tt0993841/,movie,5.2,90,2009,"Horror, Sci-Fi, Thriller",2442,2009-10-27,Corbin Bernsen
tt0993842,9,2016-06-24,Hanna,https://www.imdb.com/title/tt0993842/,movie,6.7,111,2011,"Action, Adventure, Drama, Thriller",206203,2011-04-07,Joe Wright
tt0993846,9,2016-06-24,The Wolf of Wall Street,https://www.imdb.com/title/tt0993846/,movie,8.2,180,2013,"Biography, Comedy, Crime, Drama",1562633,2013-12-09,Martin Scorsese
